,연료별,시도별,합계,서울,부산,대구,인천,광주,대전,울산,세종,경기,강원,충북,충남,전북,전남,경북,경남,제주,계,year,month,Unnamed: 21,친환경
17,휘발유,소계,계,1601123.0,636859.0,552679.0,677742.0,286541.0,320686.0,275978.0,64818.0,2562362.0,314950.0,339975.0,454674.0,358981.0,368397.0,598456.0,779755.0,207147.0,10401123.0,2018,01,,비친환경
34,경유,소계,계,1136859.0,538031.0,460200.0,660178.0,263152.0,254574.0,222175.0,52545.0,2303023.0,355891.0,364982.0,500182.0,424469.0,502658.0,641333.0,718914.0,217145.0,9616311.0,2018,01,,비친환경
51,엘피지,소계,계,299911.0,125198.0,121930.0,144743.0,87606.0,72817.0,40089.0,10553.0,429061.0,64091.0,70805.0,87928.0,96251.0,107278.0,132145.0,144656.0,63020.0,2098082.0,2018,01,,비친환경
68,등유,소계,계,0.0,0.0,0.0,0.0,0.0,0.0,0.0,0.0,0.0,0.0,0.0,0.0,0.0,0.0,0.0,1.0,0.0,1.0,2018,01,,비친환경
85,전기,소계,계,4851.0,825.0,2329.0,574.0,577.0,301.0,373.0,99.0,2454.0,491.0,311.0,387.0,351.0,1017.0,826.0,1057.0,9589.0,26412.0,2018,01,,친환경
102,알코올,소계,계,0.0,1.0,0.0,0.0,0.0,0.0,0.0,0.0,0.0,0.0,0.0,0.0,0.0,0.0,0.0,0.0,0.0,1.0,2018,01,,비친환경
119,태양열,소계,계,1.0,0.0,0.0,0.0,0.0,0.0,0.0,0.0,0.0,0.0,0.0,0.0,0.0,0.0,0.0,0.0,0.0,1.0,2018,01,,비친환경
136,CNG,소계,계,9722.0,3149.0,2674.0,2810.0,1490.0,1724.0,829.0,60.0,9025.0,913.0,730.0,583.0,1073.0,1100.0,1224.0,1830.0,16.0,38952.0,2018,01,,비친환경
153,LNG,소계,계,0.0,0.0,0.0,0.0,0.0,2.0,0.0,0.0,0.0,0.0,0.0,0.0,0.0,0.0,1.0,0.0,0.0,3.0,2018,01,,비친환경
170,하이브리드(휘발유+전기),소계,계,58570.0,17527.0,16146.0,20681.0,8179.0,7957.0,6410.0,2682.0,82240.0,8417.0,8312.0,10976.0,8834.0,8849.0,12981.0,17463.0,6539.0,302763.0,2018,01,,친환경
187,하이브리드(경유+전기),소계,계,25.0,16.0,22.0,2.0,2.0,5.0,0.0,2.0,23.0,0.0,3.0,2.0,2.0,1.0,1.0,17.0,0.0,123.0,2018,01,,친환경
204,하이브리드(LPG+전기),소계,계,2089.0,925.0,1034.0,886.0,738.0,600.0,574.0,164.0,4163.0,749.0,703.0,799.0,842.0,935.0,1112.0,1140.0,321.0,17774.0,2018,01,,친환경
221,하이브리드(CNG+전기),소계,계,51.0,2.0,13.0,34.0,20.0,0.0,36.0,27.0,69.0,0.0,3.0,0.0,9.0,0.0,7.0,1.0,0.0,272.0,2018,01,,친환경
238,하이브리드(LNG+전기),소계,계,0.0,0.0,0.0,0.0,0.0,0.0,0.0,0.0,0.0,0.0,0.0,0.0,0.0,0.0,0.0,0.0,0.0,0.0,2018,01,,친환경
255,수소,소계,계,13.0,0.0,1.0,3.0,36.0,1.0,40.0,2.0,5.0,0.0,0.0,27.0,1.0,1.0,0.0,47.0,0.0,177.0,2018,01,,친환경
272,기타연료,소계,계,5254.0,14565.0,2751.0,10606.0,2647.0,2469.0,4290.0,414.0,18246.0,2440.0,4140.0,6016.0,3541.0,7683.0,7758.0,6460.0,607.0,99887.0,2018,01,,비친환경
289,총계,소계,계,3118469.0,1337098.0,1159779.0,1518259.0,650988.0,661136.0,550794.0,131366.0,5410671.0,747942.0,789964.0,1061574.0,894354.0,997919.0,1395844.0,1671341.0,504384.0,22601882.0,2018,01,,비친환경
17,휘발유,소계,계,1600109.0,637885.0,552948.0,680518.0,286608.0,320674.0,276443.0,65945.0,2570647.0,315512.0,340692.0,455968.0,359427.0,369493.0,598984.0,780698.0,208289.0,10420840.0,2018,02,,비친환경
34,경유,소계,계,1137717.0,539375.0,461330.0,661729.0,263806.0,254730.0,222379.0,53225.0,2303149.0,356419.0,365609.0,501914.0,425361.0,503296.0,642125.0,720010.0,218782.0,9630956.0,2018,02,,비친환경
51,엘피지,소계,계,298511.0,125012.0,121552.0,144531.0,87505.0,72599.0,39977.0,10655.0,427832.0,63983.0,70659.0,87837.0,96000.0,106910.0,131833.0,144300.0,63053.0,2092749.0,2018,02,,비친환경
68,등유,소계,계,0.0,0.0,0.0,0.0,0.0,0.0,0.0,0.0,0.0,0.0,0.0,0.0,0.0,0.0,0.0,1.0,0.0,1.0,2018,02,,비친환경
85,전기,소계,계,4911.0,880.0,2362.0,613.0,591.0,317.0,393.0,100.0,2603.0,513.0,338.0,412.0,371.0,1077.0,884.0,1077.0,9983.0,27425.0,2018,02,,친환경
102,알코올,소계,계,0.0,1.0,0.0,0.0,0.0,0.0,0.0,0.0,0.0,0.0,0.0,0.0,0.0,0.0,0.0,0.0,0.0,1.0,2018,02,,비친환경
119,태양열,소계,계,1.0,0.0,0.0,0.0,0.0,0.0,0.0,0.0,0.0,0.0,0.0,0.0,0.0,0.0,0.0,0.0,0.0,1.0,2018,02,,비친환경
136,CNG,소계,계,9711.0,3155.0,2674.0,2821.0,1492.0,1723.0,829.0,63.0,9043.0,906.0,726.0,593.0,1093.0,1096.0,1213.0,1827.0,15.0,38980.0,2018,02,,비친환경
153,LNG,소계,계,0.0,0.0,0.0,0.0,0.0,2.0,0.0,0.0,0.0,0.0,0.0,0.0,0.0,0.0,1.0,0.0,0.0,3.0,2018,02,,비친환경
170,하이브리드(휘발유+전기),소계,계,59733.0,17868.0,16370.0,21273.0,8331.0,8085.0,6519.0,2758.0,84102.0,8537.0,8477.0,11218.0,9018.0,9020.0,13262.0,17785.0,6668.0,309024.0,2018,02,,친환경
187,하이브리드(경유+전기),소계,계,24.0,16.0,22.0,2.0,2.0,5.0,0.0,2.0,24.0,0.0,3.0,2.0,2.0,1.0,1.0,17.0,0.0,123.0,2018,02,,친환경
204,하이브리드(LPG+전기),소계,계,2078.0,921.0,1035.0,888.0,744.0,605.0,571.0,169.0,4149.0,745.0,703.0,796.0,837.0,926.0,1116.0,1139.0,322.0,17744.0,2018,02,,친환경
221,하이브리드(CNG+전기),소계,계,51.0,2.0,13.0,34.0,20.0,0.0,36.0,27.0,69.0,0.0,3.0,0.0,9.0,0.0,10.0,1.0,0.0,275.0,2018,02,,친환경
238,하이브리드(LNG+전기),소계,계,0.0,0.0,0.0,0.0,0.0,0.0,0.0,0.0,0.0,0.0,0.0,0.0,0.0,0.0,0.0,0.0,0.0,0.0,2018,02,,친환경
255,수소,소계,계,13.0,0.0,1.0,3.0,36.0,1.0,50.0,2.0,5.0,0.0,0.0,27.0,1.0,1.0,0.0,47.0,0.0,187.0,2018,02,,친환경
272,기타연료,소계,계,5266.0,14569.0,2779.0,10627.0,2662.0,2483.0,4333.0,426.0,18340.0,2458.0,4172.0,6070.0,3558.0,7691.0,7784.0,6480.0,610.0,100308.0,2018,02,,비친환경
289,총계,소계,계,3118125.0,1339684.0,1161086.0,1523039.0,651797.0,661224.0,551530.0,133372.0,5419963.0,749073.0,791382.0,1064837.0,895677.0,999511.0,1397213.0,1673382.0,507722.0,22638617.0,2018,02,,비친환경
17,휘발유,소계,계,1598796.0,638708.0,553754.0,683466.0,287033.0,320770.0,276818.0,66884.0,2581424.0,316373.0,341828.0,457762.0,360034.0,371133.0,599800.0,782125.0,209511.0,10446219.0,2018,03,,비친환경
34,경유,소계,계,1138015.0,541148.0,462256.0,663372.0,264313.0,255369.0,223112.0,53876.0,2309367.0,357300.0,366582.0,503498.0,426062.0,505166.0,643528.0,722069.0,221300.0,9656333.0,2018,03,,비친환경
51,엘피지,소계,계,296712.0,124653.0,121205.0,143815.0,87276.0,72271.0,39825.0,10750.0,426780.0,63874.0,70599.0,87814.0,95771.0,106740.0,131472.0,144001.0,63229.0,2086787.0,2018,03,,비친환경
68,등유,소계,계,0.0,0.0,0.0,0.0,0.0,0.0,0.0,0.0,0.0,0.0,0.0,0.0,0.0,0.0,0.0,1.0,0.0,1.0,2018,03,,비친환경
85,전기,소계,계,5036.0,935.0,2569.0,659.0,634.0,364.0,404.0,175.0,2846.0,571.0,410.0,482.0,422.0,1209.0,1024.0,1202.0,10368.0,29310.0,2018,03,,친환경
102,알코올,소계,계,0.0,1.0,0.0,0.0,0.0,0.0,0.0,0.0,0.0,0.0,0.0,0.0,0.0,0.0,0.0,0.0,0.0,1.0,2018,03,,비친환경
119,태양열,소계,계,1.0,0.0,0.0,0.0,0.0,0.0,0.0,0.0,0.0,0.0,0.0,0.0,0.0,0.0,0.0,0.0,0.0,1.0,2018,03,,비친환경
136,CNG,소계,계,9703.0,3149.0,2677.0,2818.0,1488.0,1719.0,830.0,62.0,9089.0,903.0,723.0,596.0,1094.0,1096.0,1215.0,1838.0,14.0,39014.0,2018,03,,비친환경
153,LNG,소계,계,0.0,0.0,0.0,0.0,0.0,2.0,0.0,0.0,0.0,0.0,0.0,0.0,0.0,0.0,1.0,0.0,0.0,3.0,2018,03,,비친환경
170,하이브리드(휘발유+전기),소계,계,60946.0,18248.0,16802.0,21898.0,8522.0,8244.0,6630.0,2874.0,86629.0,8776.0,8671.0,11498.0,9225.0,9249.0,13590.0,18175.0,6829.0,316806.0,2018,03,,친환경
187,하이브리드(경유+전기),소계,계,23.0,15.0,22.0,8.0,2.0,5.0,0.0,2.0,24.0,0.0,3.0,2.0,2.0,1.0,1.0,17.0,0.0,127.0,2018,03,,친환경
204,하이브리드(LPG+전기),소계,계,2076.0,924.0,1032.0,889.0,744.0,590.0,565.0,170.0,4137.0,747.0,704.0,797.0,841.0,932.0,1111.0,1138.0,323.0,17720.0,2018,03,,친환경
221,하이브리드(CNG+전기),소계,계,51.0,2.0,13.0,34.0,20.0,0.0,36.0,27.0,69.0,0.0,3.0,0.0,9.0,0.0,10.0,1.0,0.0,275.0,2018,03,,친환경
238,하이브리드(LNG+전기),소계,계,0.0,0.0,0.0,0.0,0.0,0.0,0.0,0.0,0.0,0.0,0.0,0.0,0.0,0.0,0.0,0.0,0.0,0.0,2018,03,,친환경
255,수소,소계,계,24.0,0.0,1.0,3.0,36.0,1.0,50.0,2.0,5.0,0.0,0.0,27.0,1.0,1.0,0.0,47.0,0.0,198.0,2018,03,,친환경
272,기타연료,소계,계,5308.0,14584.0,2822.0,10695.0,2655.0,2498.0,4349.0,441.0,18485.0,2480.0,4222.0,6132.0,3608.0,7744.0,7845.0,6523.0,616.0,101007.0,2018,03,,비친환경
289,총계,소계,계,3116691.0,1342367.0,1163153.0,1527657.0,652723.0,661833.0,552619.0,135263.0,5438855.0,751024.0,793745.0,1068608.0,897069.0,1003271.0,1399597.0,1677137.0,512190.0,22693802.0,2018,03,,비친환경
17,휘발유,소계,계,1599229.0,640235.0,553929.0,686187.0,287507.0,321138.0,277124.0,67842.0,2590804.0,317403.0,342999.0,459062.0,361107.0,372303.0,600803.0,783281.0,211698.0,10472651.0,2018,04,,비친환경
34,경유,소계,계,1140225.0,543322.0,462977.0,666263.0,264971.0,256116.0,224021.0,54667.0,2320038.0,358325.0,368187.0,505097.0,427635.0,507300.0,645441.0,723217.0,223243.0,9691045.0,2018,04,,비친환경
51,엘피지,소계,계,295616.0,124458.0,120881.0,142863.0,87116.0,72085.0,39715.0,10826.0,425866.0,63673.0,70467.0,87593.0,95598.0,106530.0,131271.0,143620.0,63381.0,2081559.0,2018,04,,비친환경
68,등유,소계,계,0.0,0.0,0.0,0.0,0.0,0.0,0.0,0.0,0.0,0.0,0.0,0.0,0.0,0.0,0.0,1.0,0.0,1.0,2018,04,,비친환경
85,전기,소계,계,5184.0,986.0,2726.0,695.0,672.0,404.0,424.0,215.0,3042.0,626.0,533.0,564.0,498.0,1312.0,1151.0,1278.0,10583.0,30893.0,2018,04,,친환경
102,알코올,소계,계,0.0,1.0,0.0,0.0,0.0,0.0,0.0,0.0,0.0,0.0,0.0,0.0,0.0,0.0,0.0,0.0,0.0,1.0,2018,04,,비친환경
119,태양열,소계,계,1.0,0.0,0.0,0.0,0.0,0.0,0.0,0.0,0.0,0.0,0.0,0.0,0.0,0.0,0.0,0.0,0.0,1.0,2018,04,,비친환경
136,CNG,소계,계,9695.0,3145.0,2677.0,2823.0,1486.0,1711.0,830.0,63.0,9138.0,900.0,725.0,599.0,1097.0,1098.0,1205.0,1833.0,13.0,39038.0,2018,04,,비친환경
153,LNG,소계,계,0.0,0.0,0.0,0.0,0.0,2.0,0.0,0.0,0.0,0.0,0.0,0.0,0.0,0.0,1.0,0.0,0.0,3.0,2018,04,,비친환경
170,하이브리드(휘발유+전기),소계,계,61953.0,18552.0,17100.0,22471.0,8655.0,8396.0,6738.0,2986.0,88639.0,8919.0,8834.0,11762.0,9410.0,9467.0,13855.0,18483.0,6930.0,323150.0,2018,04,,친환경
187,하이브리드(경유+전기),소계,계,25.0,15.0,21.0,8.0,2.0,5.0,0.0,2.0,24.0,0.0,3.0,2.0,2.0,1.0,1.0,16.0,0.0,127.0,2018,04,,친환경
204,하이브리드(LPG+전기),소계,계,2085.0,916.0,1033.0,875.0,747.0,591.0,563.0,176.0,4128.0,745.0,707.0,792.0,839.0,929.0,1110.0,1141.0,321.0,17698.0,2018,04,,친환경
221,하이브리드(CNG+전기),소계,계,51.0,2.0,13.0,34.0,20.0,0.0,36.0,27.0,69.0,0.0,3.0,0.0,9.0,0.0,10.0,1.0,0.0,275.0,2018,04,,친환경
238,하이브리드(LNG+전기),소계,계,0.0,0.0,0.0,0.0,0.0,0.0,0.0,0.0,0.0,0.0,0.0,0.0,0.0,0.0,0.0,0.0,0.0,0.0,2018,04,,친환경
255,수소,소계,계,29.0,0.0,1.0,3.0,47.0,1.0,70.0,2.0,5.0,0.0,0.0,27.0,1.0,2.0,0.0,52.0,0.0,240.0,2018,04,,친환경
272,기타연료,소계,계,5370.0,14617.0,2862.0,10761.0,2686.0,2513.0,4372.0,454.0,18762.0,2493.0,4296.0,6189.0,3650.0,7786.0,7925.0,6546.0,610.0,101892.0,2018,04,,비친환경
289,총계,소계,계,3119463.0,1346249.0,1164220.0,1532983.0,653909.0,662962.0,553893.0,137260.0,5460515.0,753084.0,796754.0,1071687.0,899846.0,1006728.0,1402773.0,1679469.0,516779.0,22758574.0,2018,04,,비친환경
17,휘발유,소계,계,1597782.0,640999.0,554060.0,688224.0,287770.0,321058.0,277264.0,68525.0,2599192.0,317940.0,343905.0,459828.0,361803.0,374067.0,601654.0,783777.0,213413.0,10491261.0,2018,05,,비친환경
34,경유,소계,계,1141609.0,545734.0,464157.0,668976.0,265765.0,256668.0,224639.0,55286.0,2330544.0,359558.0,369793.0,506894.0,429160.0,509589.0,647501.0,724479.0,225558.0,9725910.0,2018,05,,비친환경
51,엘피지,소계,계,294251.0,124170.0,120538.0,141861.0,86850.0,71916.0,39649.0,10941.0,424877.0,63409.0,70205.0,87443.0,95374.0,106486.0,130971.0,143202.0,63551.0,2075694.0,2018,05,,비친환경
68,등유,소계,계,0.0,0.0,0.0,0.0,0.0,0.0,0.0,0.0,0.0,0.0,0.0,0.0,0.0,0.0,0.0,1.0,0.0,1.0,2018,05,,비친환경
85,전기,소계,계,5545.0,1118.0,3026.0,783.0,725.0,458.0,462.0,226.0,3426.0,692.0,581.0,618.0,547.0,1419.0,1271.0,1361.0,10786.0,33044.0,2018,05,,친환경
102,알코올,소계,계,0.0,1.0,0.0,0.0,0.0,0.0,0.0,0.0,0.0,0.0,0.0,0.0,0.0,0.0,0.0,0.0,0.0,1.0,2018,05,,비친환경
119,태양열,소계,계,1.0,0.0,0.0,0.0,0.0,0.0,0.0,0.0,0.0,0.0,0.0,0.0,0.0,0.0,0.0,0.0,0.0,1.0,2018,05,,비친환경
136,CNG,소계,계,9686.0,3142.0,2669.0,2830.0,1485.0,1711.0,828.0,62.0,9179.0,895.0,723.0,597.0,1096.0,1089.0,1214.0,1828.0,11.0,39045.0,2018,05,,비친환경
153,LNG,소계,계,0.0,0.0,0.0,0.0,0.0,2.0,0.0,0.0,0.0,0.0,0.0,0.0,0.0,0.0,1.0,0.0,0.0,3.0,2018,05,,비친환경
170,하이브리드(휘발유+전기),소계,계,63210.0,18956.0,17452.0,23192.0,8819.0,8566.0,6869.0,3098.0,90847.0,9112.0,9050.0,12067.0,9627.0,9751.0,14207.0,18776.0,7163.0,330762.0,2018,05,,친환경
187,하이브리드(경유+전기),소계,계,25.0,16.0,21.0,8.0,2.0,4.0,0.0,3.0,24.0,0.0,3.0,2.0,2.0,1.0,1.0,15.0,0.0,127.0,2018,05,,친환경
204,하이브리드(LPG+전기),소계,계,2074.0,917.0,1025.0,876.0,732.0,589.0,561.0,180.0,4122.0,753.0,711.0,789.0,847.0,932.0,1106.0,1141.0,323.0,17678.0,2018,05,,친환경
221,하이브리드(CNG+전기),소계,계,51.0,2.0,13.0,34.0,20.0,0.0,39.0,27.0,69.0,0.0,3.0,0.0,9.0,0.0,10.0,1.0,0.0,278.0,2018,05,,친환경
238,하이브리드(LNG+전기),소계,계,0.0,0.0,0.0,0.0,0.0,0.0,0.0,0.0,0.0,0.0,0.0,0.0,0.0,0.0,0.0,0.0,0.0,0.0,2018,05,,친환경
255,수소,소계,계,32.0,0.0,1.0,3.0,72.0,1.0,98.0,2.0,4.0,0.0,0.0,27.0,1.0,2.0,0.0,58.0,0.0,301.0,2018,05,,친환경
272,기타연료,소계,계,5430.0,14603.0,2928.0,10804.0,2698.0,2544.0,4401.0,464.0,18952.0,2528.0,4337.0,6249.0,3698.0,7802.0,7981.0,6621.0,622.0,102662.0,2018,05,,비친환경
289,총계,소계,계,3119696.0,1349658.0,1165890.0,1537591.0,654938.0,663517.0,554810.0,138814.0,5481236.0,754887.0,799311.0,1074514.0,902164.0,1011138.0,1405917.0,1681260.0,521427.0,22816768.0,2018,05,,비친환경
17,휘발유,소계,계,1595974.0,641940.0,554625.0,690786.0,288244.0,321098.0,277243.0,69354.0,2606870.0,318623.0,344576.0,461191.0,362686.0,375716.0,601735.0,784518.0,215015.0,10510194.0,2018,06,,비친환경
34,경유,소계,계,1143719.0,547583.0,466072.0,672209.0,266745.0,257455.0,225115.0,55931.0,2341766.0,361020.0,371157.0,509043.0,431125.0,511606.0,649669.0,726343.0,228270.0,9764828.0,2018,06,,비친환경
51,엘피지,소계,계,292854.0,124350.0,120273.0,141527.0,86826.0,71847.0,39539.0,11005.0,423576.0,63195.0,70130.0,87378.0,95344.0,106308.0,130754.0,142729.0,63673.0,2071308.0,2018,06,,비친환경
68,등유,소계,계,0.0,0.0,0.0,0.0,0.0,0.0,0.0,0.0,0.0,0.0,0.0,0.0,0.0,0.0,0.0,1.0,0.0,1.0,2018,06,,비친환경
85,전기,소계,계,6177.0,1196.0,3739.0,938.0,861.0,613.0,517.0,238.0,4084.0,769.0,621.0,725.0,600.0,1549.0,1404.0,1517.0,11287.0,36835.0,2018,06,,친환경
102,알코올,소계,계,0.0,1.0,0.0,0.0,0.0,0.0,0.0,0.0,0.0,0.0,0.0,0.0,0.0,0.0,0.0,0.0,0.0,1.0,2018,06,,비친환경
119,태양열,소계,계,1.0,0.0,0.0,0.0,0.0,0.0,0.0,0.0,0.0,0.0,0.0,0.0,0.0,0.0,0.0,0.0,0.0,1.0,2018,06,,비친환경
136,CNG,소계,계,9679.0,3139.0,2676.0,2824.0,1484.0,1719.0,828.0,65.0,9219.0,891.0,727.0,601.0,1095.0,1086.0,1210.0,1824.0,14.0,39081.0,2018,06,,비친환경
153,LNG,소계,계,0.0,0.0,0.0,0.0,0.0,2.0,0.0,0.0,0.0,0.0,0.0,0.0,0.0,0.0,1.0,0.0,0.0,3.0,2018,06,,비친환경
170,하이브리드(휘발유+전기),소계,계,64437.0,19286.0,17834.0,23801.0,8985.0,8739.0,6986.0,3220.0,92917.0,9311.0,9249.0,12307.0,9818.0,9953.0,14502.0,19093.0,7367.0,337805.0,2018,06,,친환경
187,하이브리드(경유+전기),소계,계,26.0,16.0,18.0,8.0,2.0,4.0,0.0,3.0,25.0,0.0,3.0,2.0,2.0,1.0,2.0,15.0,0.0,127.0,2018,06,,친환경
204,하이브리드(LPG+전기),소계,계,2056.0,908.0,1022.0,872.0,730.0,580.0,565.0,187.0,4114.0,757.0,716.0,796.0,851.0,929.0,1107.0,1141.0,325.0,17656.0,2018,06,,친환경
221,하이브리드(CNG+전기),소계,계,51.0,2.0,13.0,34.0,20.0,0.0,42.0,27.0,69.0,0.0,3.0,0.0,9.0,0.0,12.0,1.0,0.0,283.0,2018,06,,친환경
238,하이브리드(LNG+전기),소계,계,0.0,0.0,0.0,0.0,0.0,0.0,0.0,0.0,0.0,0.0,0.0,0.0,0.0,0.0,0.0,0.0,0.0,0.0,2018,06,,친환경
255,수소,소계,계,32.0,0.0,2.0,3.0,85.0,1.0,128.0,2.0,5.0,0.0,0.0,27.0,1.0,2.0,0.0,70.0,0.0,358.0,2018,06,,친환경
272,기타연료,소계,계,5463.0,14644.0,3000.0,10893.0,2742.0,2581.0,4399.0,480.0,19157.0,2586.0,4397.0,6309.0,3734.0,7836.0,8004.0,6696.0,633.0,103554.0,2018,06,,비친환경
289,총계,소계,계,3120469.0,1353065.0,1169274.0,1543895.0,656724.0,664639.0,555362.0,140512.0,5501802.0,757152.0,801579.0,1078379.0,905265.0,1014986.0,1408400.0,1683948.0,526584.0,22882035.0,2018,06,,비친환경
17,휘발유,소계,계,1594638.0,642955.0,554418.0,693996.0,288618.0,321250.0,277228.0,69952.0,2613597.0,319377.0,345372.0,462305.0,363253.0,376906.0,602187.0,785512.0,216957.0,10528521.0,2018,07,,비친환경
34,경유,소계,계,1145341.0,549637.0,467674.0,674221.0,267726.0,258436.0,225709.0,56503.0,2352931.0,362794.0,372587.0,511019.0,433056.0,513759.0,651816.0,727984.0,231192.0,9802385.0,2018,07,,비친환경
51,엘피지,소계,계,291694.0,124383.0,119877.0,140607.0,86820.0,71726.0,39427.0,11016.0,422206.0,63009.0,69948.0,87293.0,95205.0,106116.0,130486.0,142418.0,64010.0,2066241.0,2018,07,,비친환경
68,등유,소계,계,0.0,0.0,0.0,0.0,0.0,0.0,0.0,0.0,0.0,0.0,0.0,0.0,0.0,0.0,0.0,1.0,0.0,1.0,2018,07,,비친환경
85,전기,소계,계,6942.0,1194.0,4143.0,1059.0,961.0,750.0,548.0,241.0,4559.0,823.0,660.0,765.0,640.0,1587.0,1457.0,1640.0,12144.0,40113.0,2018,07,,친환경
102,알코올,소계,계,0.0,1.0,0.0,0.0,0.0,0.0,0.0,0.0,0.0,0.0,0.0,0.0,0.0,0.0,0.0,0.0,0.0,1.0,2018,07,,비친환경
119,태양열,소계,계,1.0,0.0,0.0,0.0,0.0,0.0,0.0,0.0,0.0,0.0,0.0,0.0,0.0,0.0,0.0,0.0,0.0,1.0,2018,07,,비친환경
136,CNG,소계,계,9673.0,3141.0,2676.0,2824.0,1472.0,1717.0,830.0,87.0,9219.0,885.0,730.0,607.0,1094.0,1095.0,1214.0,1809.0,13.0,39086.0,2018,07,,비친환경
153,LNG,소계,계,0.0,0.0,0.0,0.0,0.0,2.0,0.0,0.0,0.0,0.0,0.0,0.0,0.0,0.0,1.0,0.0,0.0,3.0,2018,07,,비친환경
170,하이브리드(휘발유+전기),소계,계,65590.0,19654.0,18152.0,24375.0,9174.0,8894.0,7090.0,3317.0,95024.0,9546.0,9456.0,12562.0,10024.0,10114.0,14807.0,19382.0,7559.0,344720.0,2018,07,,친환경
187,하이브리드(경유+전기),소계,계,27.0,15.0,17.0,8.0,2.0,4.0,0.0,3.0,25.0,0.0,4.0,2.0,2.0,1.0,1.0,16.0,0.0,127.0,2018,07,,친환경
204,하이브리드(LPG+전기),소계,계,2014.0,891.0,1030.0,890.0,727.0,580.0,561.0,191.0,4155.0,746.0,716.0,803.0,843.0,933.0,1106.0,1118.0,323.0,17627.0,2018,07,,친환경
221,하이브리드(CNG+전기),소계,계,51.0,2.0,13.0,34.0,20.0,0.0,42.0,27.0,69.0,0.0,3.0,0.0,9.0,0.0,12.0,1.0,0.0,283.0,2018,07,,친환경
238,하이브리드(LNG+전기),소계,계,0.0,0.0,0.0,0.0,0.0,0.0,0.0,0.0,0.0,0.0,0.0,0.0,0.0,0.0,0.0,0.0,0.0,0.0,2018,07,,친환경
255,수소,소계,계,33.0,0.0,2.0,3.0,87.0,1.0,144.0,2.0,5.0,0.0,0.0,27.0,1.0,2.0,0.0,77.0,0.0,384.0,2018,07,,친환경
272,기타연료,소계,계,5493.0,14680.0,3040.0,10947.0,2774.0,2617.0,4404.0,505.0,19442.0,2624.0,4448.0,6390.0,3773.0,7877.0,8087.0,6760.0,640.0,104501.0,2018,07,,비친환경
289,총계,소계,계,3121497.0,1356553.0,1171042.0,1548964.0,658381.0,665977.0,555983.0,141844.0,5521232.0,759804.0,803924.0,1081773.0,907900.0,1018390.0,1411174.0,1686718.0,532838.0,22943994.0,2018,07,,비친환경
17,휘발유,소계,계,1593411.0,643784.0,554256.0,697353.0,289057.0,321350.0,277183.0,70693.0,2620537.0,319978.0,346053.0,463136.0,363603.0,377238.0,602599.0,786328.0,218439.0,10544998.0,2018,08,,비친환경
34,경유,소계,계,1146526.0,550768.0,468440.0,675355.0,268206.0,259081.0,226021.0,57116.0,2361313.0,363944.0,373707.0,512586.0,434564.0,515122.0,653442.0,729111.0,233269.0,9828571.0,2018,08,,비친환경
51,엘피지,소계,계,290234.0,124114.0,119415.0,140012.0,86818.0,71562.0,39294.0,11037.0,420649.0,62769.0,69779.0,87036.0,95029.0,105700.0,130107.0,142008.0,64160.0,2059723.0,2018,08,,비친환경
68,등유,소계,계,0.0,0.0,0.0,0.0,0.0,0.0,0.0,0.0,0.0,0.0,0.0,0.0,0.0,0.0,0.0,1.0,0.0,1.0,2018,08,,비친환경
85,전기,소계,계,7480.0,1199.0,4509.0,1147.0,1055.0,885.0,581.0,249.0,4909.0,902.0,673.0,782.0,662.0,1635.0,1497.0,1742.0,12630.0,42537.0,2018,08,,친환경
102,알코올,소계,계,0.0,1.0,0.0,0.0,0.0,0.0,0.0,0.0,0.0,0.0,0.0,0.0,0.0,0.0,0.0,0.0,0.0,1.0,2018,08,,비친환경
119,태양열,소계,계,1.0,0.0,0.0,0.0,0.0,0.0,0.0,0.0,0.0,0.0,0.0,0.0,0.0,0.0,0.0,0.0,0.0,1.0,2018,08,,비친환경
136,CNG,소계,계,9663.0,3138.0,2669.0,2826.0,1463.0,1712.0,823.0,95.0,9241.0,888.0,727.0,603.0,1092.0,1094.0,1215.0,1801.0,15.0,39065.0,2018,08,,비친환경
153,LNG,소계,계,0.0,0.0,1.0,0.0,0.0,2.0,0.0,0.0,0.0,0.0,0.0,0.0,0.0,0.0,1.0,0.0,0.0,4.0,2018,08,,비친환경
170,하이브리드(휘발유+전기),소계,계,66620.0,20031.0,18358.0,24887.0,9317.0,9070.0,7207.0,3415.0,97100.0,9710.0,9624.0,12776.0,10194.0,10305.0,15082.0,19683.0,7687.0,351066.0,2018,08,,친환경
187,하이브리드(경유+전기),소계,계,27.0,14.0,17.0,8.0,2.0,4.0,0.0,3.0,28.0,0.0,4.0,2.0,2.0,1.0,1.0,14.0,0.0,127.0,2018,08,,친환경
204,하이브리드(LPG+전기),소계,계,1990.0,886.0,1043.0,888.0,729.0,587.0,564.0,190.0,4118.0,745.0,716.0,808.0,847.0,931.0,1109.0,1123.0,323.0,17597.0,2018,08,,친환경
221,하이브리드(CNG+전기),소계,계,51.0,2.0,13.0,34.0,20.0,0.0,46.0,27.0,69.0,0.0,3.0,0.0,9.0,0.0,12.0,1.0,0.0,287.0,2018,08,,친환경
238,하이브리드(LNG+전기),소계,계,0.0,0.0,0.0,0.0,0.0,0.0,0.0,0.0,0.0,0.0,0.0,0.0,0.0,0.0,0.0,0.0,0.0,0.0,2018,08,,친환경
255,수소,소계,계,35.0,0.0,2.0,3.0,91.0,1.0,166.0,3.0,5.0,0.0,0.0,33.0,1.0,2.0,0.0,80.0,0.0,422.0,2018,08,,친환경
272,기타연료,소계,계,5494.0,14701.0,3080.0,10991.0,2793.0,2641.0,4424.0,522.0,19654.0,2661.0,4505.0,6466.0,3816.0,7924.0,8134.0,6802.0,647.0,105255.0,2018,08,,비친환경
289,총계,소계,계,3121532.0,1358638.0,1171803.0,1553504.0,659551.0,666895.0,556309.0,143350.0,5537623.0,761597.0,805791.0,1084228.0,909819.0,1019952.0,1413199.0,1688694.0,537170.0,22989655.0,2018,08,,비친환경
17,휘발유,소계,계,1594017.0,644865.0,554546.0,702067.0,289439.0,321574.0,277337.0,71344.0,2628469.0,320587.0,346835.0,464003.0,364105.0,378123.0,603228.0,786285.0,219888.0,10566712.0,2018,09,,비친환경
34,경유,소계,계,1147831.0,552030.0,469829.0,676075.0,268930.0,259858.0,226402.0,57532.0,2369573.0,365019.0,374794.0,514055.0,435608.0,516843.0,655100.0,729690.0,235076.0,9854245.0,2018,09,,비친환경
51,엘피지,소계,계,289155.0,123818.0,119101.0,139074.0,86772.0,71423.0,39208.0,11100.0,420186.0,62642.0,69672.0,86889.0,94838.0,105630.0,129938.0,141746.0,64231.0,2055423.0,2018,09,,비친환경
68,등유,소계,계,0.0,0.0,0.0,0.0,0.0,0.0,0.0,0.0,0.0,0.0,0.0,0.0,0.0,0.0,0.0,1.0,0.0,1.0,2018,09,,비친환경
85,전기,소계,계,8105.0,1288.0,4907.0,1183.0,1134.0,1031.0,639.0,367.0,5235.0,1000.0,698.0,833.0,804.0,1768.0,1648.0,1762.0,13636.0,46038.0,2018,09,,친환경
102,알코올,소계,계,0.0,1.0,0.0,0.0,0.0,0.0,0.0,0.0,0.0,0.0,0.0,0.0,0.0,0.0,0.0,0.0,0.0,1.0,2018,09,,비친환경
119,태양열,소계,계,1.0,0.0,0.0,0.0,0.0,0.0,0.0,0.0,0.0,0.0,0.0,0.0,0.0,0.0,0.0,0.0,0.0,1.0,2018,09,,비친환경
136,CNG,소계,계,9663.0,3139.0,2663.0,2826.0,1461.0,1714.0,824.0,97.0,9247.0,881.0,726.0,606.0,1094.0,1092.0,1212.0,1799.0,14.0,39058.0,2018,09,,비친환경
153,LNG,소계,계,0.0,0.0,0.0,0.0,0.0,2.0,0.0,0.0,1.0,0.0,0.0,0.0,0.0,0.0,1.0,0.0,0.0,4.0,2018,09,,비친환경
170,하이브리드(휘발유+전기),소계,계,67520.0,20301.0,18637.0,25382.0,9432.0,9248.0,7299.0,3489.0,98838.0,9855.0,9813.0,12949.0,10357.0,10453.0,15334.0,19890.0,7877.0,356674.0,2018,09,,친환경
187,하이브리드(경유+전기),소계,계,28.0,14.0,17.0,8.0,3.0,4.0,0.0,1.0,27.0,0.0,3.0,2.0,2.0,1.0,1.0,14.0,0.0,125.0,2018,09,,친환경
204,하이브리드(LPG+전기),소계,계,1975.0,890.0,1041.0,866.0,727.0,583.0,561.0,190.0,4122.0,747.0,719.0,814.0,850.0,926.0,1113.0,1123.0,322.0,17569.0,2018,09,,친환경
221,하이브리드(CNG+전기),소계,계,51.0,2.0,13.0,34.0,22.0,0.0,46.0,27.0,75.0,0.0,3.0,0.0,9.0,0.0,15.0,1.0,0.0,298.0,2018,09,,친환경
238,하이브리드(LNG+전기),소계,계,0.0,0.0,0.0,0.0,0.0,0.0,0.0,0.0,0.0,0.0,0.0,0.0,0.0,0.0,0.0,0.0,0.0,0.0,2018,09,,친환경
255,수소,소계,계,35.0,0.0,2.0,3.0,91.0,1.0,205.0,3.0,5.0,0.0,0.0,38.0,1.0,2.0,0.0,80.0,0.0,466.0,2018,09,,친환경
272,기타연료,소계,계,5543.0,14716.0,3097.0,11049.0,2826.0,2651.0,4427.0,528.0,19844.0,2684.0,4563.0,6505.0,3860.0,7980.0,8176.0,6866.0,648.0,105963.0,2018,09,,비친환경
289,총계,소계,계,3123924.0,1361064.0,1173853.0,1558567.0,660837.0,668089.0,556948.0,144678.0,5555622.0,763415.0,807826.0,1086694.0,911528.0,1022818.0,1415766.0,1689257.0,541692.0,23042578.0,2018,09,,비친환경
17,휘발유,소계,계,1593813.0,646233.0,554807.0,706350.0,289905.0,321903.0,277210.0,72041.0,2637401.0,321104.0,347907.0,465130.0,364808.0,378450.0,603796.0,786950.0,220828.0,10588636.0,2018,10,,비친환경
34,경유,소계,계,1147408.0,552960.0,469742.0,677455.0,269674.0,260007.0,226843.0,57958.0,2378312.0,365627.0,375600.0,515062.0,436077.0,517875.0,656366.0,730544.0,236639.0,9874149.0,2018,10,,비친환경
51,엘피지,소계,계,287623.0,123467.0,118488.0,138530.0,86692.0,71154.0,39012.0,11181.0,418748.0,62289.0,69504.0,86583.0,94610.0,105605.0,129622.0,141248.0,64497.0,2048853.0,2018,10,,비친환경
68,등유,소계,계,0.0,0.0,0.0,0.0,0.0,0.0,0.0,0.0,0.0,0.0,0.0,0.0,0.0,0.0,0.0,1.0,0.0,1.0,2018,10,,비친환경
85,전기,소계,계,8619.0,1466.0,5180.0,1218.0,1293.0,1174.0,682.0,383.0,5676.0,1138.0,1133.0,969.0,877.0,1859.0,1838.0,2003.0,14317.0,49825.0,2018,10,,친환경
102,알코올,소계,계,0.0,1.0,0.0,0.0,0.0,0.0,0.0,0.0,0.0,0.0,0.0,0.0,0.0,0.0,0.0,0.0,0.0,1.0,2018,10,,비친환경
119,태양열,소계,계,0.0,0.0,0.0,0.0,0.0,0.0,0.0,0.0,1.0,0.0,0.0,0.0,0.0,0.0,0.0,0.0,0.0,1.0,2018,10,,비친환경
136,CNG,소계,계,9652.0,3139.0,2665.0,2825.0,1461.0,1715.0,828.0,98.0,9216.0,876.0,730.0,609.0,1095.0,1097.0,1213.0,1801.0,14.0,39034.0,2018,10,,비친환경
153,LNG,소계,계,0.0,0.0,0.0,0.0,0.0,2.0,0.0,0.0,1.0,0.0,0.0,0.0,0.0,0.0,1.0,0.0,0.0,4.0,2018,10,,비친환경
170,하이브리드(휘발유+전기),소계,계,69103.0,20773.0,19209.0,26183.0,9663.0,9425.0,7426.0,3606.0,101553.0,10094.0,10065.0,13204.0,10572.0,10660.0,15669.0,20294.0,8120.0,365619.0,2018,10,,친환경
187,하이브리드(경유+전기),소계,계,29.0,15.0,16.0,8.0,3.0,4.0,0.0,1.0,26.0,0.0,3.0,2.0,2.0,1.0,1.0,14.0,0.0,125.0,2018,10,,친환경
204,하이브리드(LPG+전기),소계,계,1966.0,891.0,1036.0,868.0,722.0,578.0,560.0,192.0,4118.0,740.0,721.0,813.0,849.0,932.0,1111.0,1113.0,320.0,17530.0,2018,10,,친환경
221,하이브리드(CNG+전기),소계,계,51.0,2.0,13.0,34.0,26.0,0.0,46.0,27.0,77.0,0.0,3.0,0.0,9.0,0.0,16.0,1.0,0.0,305.0,2018,10,,친환경
238,하이브리드(LNG+전기),소계,계,0.0,0.0,0.0,0.0,0.0,0.0,0.0,0.0,0.0,0.0,0.0,0.0,0.0,0.0,0.0,0.0,0.0,0.0,2018,10,,친환경
255,수소,소계,계,61.0,0.0,2.0,3.0,98.0,1.0,278.0,3.0,6.0,0.0,0.0,39.0,1.0,2.0,0.0,98.0,0.0,592.0,2018,10,,친환경
272,기타연료,소계,계,5571.0,14757.0,3120.0,11134.0,2841.0,2682.0,4455.0,533.0,20004.0,2724.0,4610.0,6550.0,3884.0,8015.0,8205.0,6912.0,655.0,106652.0,2018,10,,비친환경
289,총계,소계,계,3123896.0,1363704.0,1174278.0,1564608.0,662378.0,668645.0,557340.0,146023.0,5575139.0,764592.0,810276.0,1088961.0,912784.0,1024496.0,1417838.0,1690979.0,545390.0,23091327.0,2018,10,,비친환경
17,휘발유,소계,계,1593077.0,648546.0,555026.0,709041.0,290232.0,322316.0,277324.0,72473.0,2647895.0,321745.0,348737.0,466335.0,365671.0,379932.0,604841.0,788101.0,222108.0,10613400.0,2018,11,,비친환경
34,경유,소계,계,1146518.0,555920.0,471244.0,678761.0,270469.0,260450.0,227130.0,58268.0,2390141.0,366561.0,376740.0,516440.0,436958.0,519682.0,657697.0,731940.0,238839.0,9903758.0,2018,11,,비친환경
51,엘피지,소계,계,286123.0,123188.0,118164.0,137995.0,86587.0,70923.0,38942.0,11218.0,417436.0,62045.0,69351.0,86408.0,94343.0,105544.0,129290.0,140885.0,64453.0,2042895.0,2018,11,,비친환경
68,등유,소계,계,0.0,0.0,0.0,0.0,0.0,0.0,0.0,0.0,0.0,0.0,0.0,0.0,0.0,0.0,0.0,1.0,0.0,1.0,2018,11,,비친환경
85,전기,소계,계,9329.0,1502.0,5869.0,1252.0,1384.0,1301.0,817.0,396.0,6162.0,1319.0,1175.0,1087.0,964.0,1942.0,1953.0,2073.0,15160.0,53685.0,2018,11,,친환경
102,알코올,소계,계,0.0,1.0,0.0,0.0,0.0,0.0,0.0,0.0,0.0,0.0,0.0,0.0,0.0,0.0,0.0,0.0,0.0,1.0,2018,11,,비친환경
119,태양열,소계,계,0.0,0.0,0.0,0.0,0.0,0.0,0.0,0.0,1.0,0.0,0.0,0.0,0.0,0.0,0.0,0.0,0.0,1.0,2018,11,,비친환경
136,CNG,소계,계,9649.0,3133.0,2654.0,2820.0,1461.0,1715.0,828.0,134.0,9229.0,866.0,723.0,611.0,1087.0,1096.0,1213.0,1796.0,16.0,39031.0,2018,11,,비친환경
153,LNG,소계,계,0.0,0.0,0.0,0.0,0.0,2.0,0.0,0.0,1.0,0.0,0.0,0.0,0.0,0.0,1.0,0.0,0.0,4.0,2018,11,,비친환경
170,하이브리드(휘발유+전기),소계,계,71282.0,21390.0,19728.0,27613.0,9900.0,9688.0,7591.0,3745.0,104965.0,10363.0,10318.0,13574.0,10894.0,10953.0,16012.0,20694.0,8454.0,377164.0,2018,11,,친환경
187,하이브리드(경유+전기),소계,계,29.0,14.0,16.0,8.0,3.0,4.0,0.0,1.0,27.0,0.0,3.0,2.0,2.0,1.0,1.0,14.0,0.0,125.0,2018,11,,친환경
204,하이브리드(LPG+전기),소계,계,1959.0,890.0,1033.0,861.0,719.0,575.0,559.0,193.0,4114.0,740.0,720.0,810.0,849.0,938.0,1105.0,1107.0,322.0,17494.0,2018,11,,친환경
221,하이브리드(CNG+전기),소계,계,51.0,2.0,13.0,38.0,26.0,0.0,46.0,27.0,77.0,0.0,3.0,0.0,9.0,0.0,19.0,1.0,0.0,312.0,2018,11,,친환경
238,하이브리드(LNG+전기),소계,계,0.0,0.0,0.0,0.0,0.0,0.0,0.0,0.0,0.0,0.0,0.0,0.0,0.0,0.0,0.0,0.0,0.0,0.0,2018,11,,친환경
255,수소,소계,계,79.0,0.0,2.0,4.0,137.0,1.0,332.0,3.0,6.0,0.0,0.0,49.0,2.0,2.0,0.0,136.0,0.0,753.0,2018,11,,친환경
272,기타연료,소계,계,5606.0,14824.0,3138.0,11209.0,2881.0,2693.0,4465.0,544.0,20098.0,2750.0,4681.0,6555.0,3911.0,8032.0,8267.0,6915.0,662.0,107231.0,2018,11,,비친환경
289,총계,소계,계,3123702.0,1369410.0,1176887.0,1569602.0,663799.0,669668.0,558034.0,147002.0,5600152.0,766389.0,812451.0,1091871.0,914690.0,1028122.0,1420399.0,1693663.0,550014.0,23155855.0,2018,11,,비친환경
17,휘발유,소계,계,1592471.0,649241.0,554745.0,712808.0,290279.0,322176.0,277117.0,72927.0,2654351.0,321540.0,349697.0,466920.0,366015.0,381449.0,605611.0,788544.0,223405.0,10629296.0,2018,12,,비친환경
34,경유,소계,계,1147787.0,556857.0,472257.0,681917.0,270869.0,260742.0,227287.0,58530.0,2399774.0,366877.0,377794.0,517539.0,437810.0,521738.0,658801.0,732391.0,240567.0,9929537.0,2018,12,,비친환경
51,엘피지,소계,계,284328.0,122747.0,117660.0,137680.0,86291.0,70769.0,38830.0,11234.0,415728.0,61632.0,69256.0,86090.0,94049.0,105657.0,128769.0,140284.0,64399.0,2035403.0,2018,12,,비친환경
68,등유,소계,계,0.0,0.0,0.0,0.0,0.0,0.0,0.0,0.0,0.0,0.0,0.0,0.0,0.0,0.0,0.0,1.0,0.0,1.0,2018,12,,비친환경
85,전기,소계,계,9564.0,1567.0,6605.0,1284.0,1447.0,1334.0,847.0,394.0,6383.0,1377.0,1199.0,1127.0,997.0,1974.0,2001.0,2107.0,15549.0,55756.0,2018,12,,친환경
102,알코올,소계,계,0.0,1.0,0.0,0.0,0.0,0.0,0.0,0.0,0.0,0.0,0.0,0.0,0.0,0.0,0.0,0.0,0.0,1.0,2018,12,,비친환경
119,태양열,소계,계,0.0,0.0,0.0,0.0,0.0,0.0,0.0,0.0,1.0,0.0,0.0,0.0,0.0,0.0,0.0,0.0,0.0,1.0,2018,12,,비친환경
136,CNG,소계,계,9635.0,3099.0,2655.0,2814.0,1461.0,1709.0,829.0,140.0,9219.0,863.0,719.0,610.0,1089.0,1084.0,1197.0,1798.0,13.0,38934.0,2018,12,,비친환경
153,LNG,소계,계,0.0,0.0,0.0,0.0,0.0,2.0,0.0,0.0,1.0,0.0,0.0,0.0,0.0,0.0,1.0,0.0,0.0,4.0,2018,12,,비친환경
170,하이브리드(휘발유+전기),소계,계,73157.0,21907.0,20225.0,28969.0,10123.0,9932.0,7776.0,3865.0,107733.0,10570.0,10596.0,13869.0,11200.0,11185.0,16354.0,21062.0,8654.0,387177.0,2018,12,,친환경
187,하이브리드(경유+전기),소계,계,30.0,14.0,15.0,8.0,3.0,4.0,0.0,1.0,26.0,0.0,3.0,2.0,2.0,1.0,1.0,14.0,0.0,124.0,2018,12,,친환경
204,하이브리드(LPG+전기),소계,계,1940.0,890.0,1021.0,849.0,718.0,580.0,559.0,196.0,4118.0,738.0,718.0,805.0,846.0,941.0,1114.0,1108.0,326.0,17467.0,2018,12,,친환경
221,하이브리드(CNG+전기),소계,계,51.0,2.0,13.0,39.0,26.0,0.0,46.0,27.0,79.0,0.0,3.0,0.0,9.0,0.0,20.0,1.0,0.0,316.0,2018,12,,친환경
238,하이브리드(LNG+전기),소계,계,0.0,0.0,0.0,0.0,0.0,0.0,0.0,0.0,0.0,0.0,0.0,0.0,0.0,0.0,0.0,0.0,0.0,0.0,2018,12,,친환경
255,수소,소계,계,84.0,0.0,2.0,5.0,202.0,1.0,345.0,3.0,7.0,0.0,0.0,60.0,2.0,2.0,0.0,180.0,0.0,893.0,2018,12,,친환경
272,기타연료,소계,계,5604.0,14847.0,3155.0,11234.0,2897.0,2710.0,4470.0,552.0,20191.0,2777.0,4713.0,6616.0,3925.0,8043.0,8288.0,6958.0,665.0,107645.0,2018,12,,비친환경
289,총계,소계,계,3124651.0,1371172.0,1178353.0,1577607.0,664316.0,669959.0,558106.0,147869.0,5617611.0,766374.0,814698.0,1093638.0,915944.0,1032074.0,1422157.0,1694448.0,553578.0,23202555.0,2018,12,,비친환경
17,휘발유,소계,계,1593540.0,650634.0,555035.0,718588.0,290880.0,322279.0,277305.0,73860.0,2664071.0,322556.0,350953.0,468250.0,366720.0,382237.0,606599.0,790333.0,225048.0,10658888.0,2019,01,,비친환경
34,경유,소계,계,1150483.0,558429.0,473592.0,683657.0,272079.0,261608.0,228072.0,59208.0,2412854.0,368474.0,379869.0,519625.0,439911.0,523745.0,661768.0,734460.0,242376.0,9970210.0,2019,01,,비친환경
51,엘피지,소계,계,282789.0,122306.0,117222.0,137507.0,86149.0,70516.0,38678.0,11348.0,414275.0,61371.0,69079.0,85961.0,93726.0,105309.0,128491.0,139859.0,64555.0,2029141.0,2019,01,,비친환경
68,등유,소계,계,0.0,0.0,0.0,0.0,0.0,0.0,0.0,0.0,0.0,0.0,0.0,0.0,0.0,0.0,0.0,1.0,0.0,1.0,2019,01,,비친환경
85,전기,소계,계,9571.0,1589.0,6885.0,1298.0,1446.0,1360.0,862.0,402.0,6493.0,1393.0,1205.0,1142.0,1005.0,1997.0,2017.0,2123.0,15297.0,56085.0,2019,01,,친환경
102,알코올,소계,계,0.0,1.0,0.0,0.0,0.0,0.0,0.0,0.0,0.0,0.0,0.0,0.0,0.0,0.0,0.0,0.0,0.0,1.0,2019,01,,비친환경
119,태양열,소계,계,0.0,0.0,0.0,0.0,0.0,0.0,0.0,0.0,1.0,0.0,0.0,0.0,0.0,0.0,0.0,0.0,0.0,1.0,2019,01,,비친환경
136,CNG,소계,계,9627.0,3085.0,2646.0,2819.0,1462.0,1708.0,828.0,137.0,9207.0,841.0,718.0,617.0,1086.0,1084.0,1199.0,1793.0,12.0,38869.0,2019,01,,비친환경
153,LNG,소계,계,0.0,0.0,0.0,0.0,0.0,2.0,0.0,0.0,1.0,0.0,0.0,0.0,0.0,0.0,1.0,0.0,0.0,4.0,2019,01,,비친환경
170,하이브리드(휘발유+전기),소계,계,74700.0,22453.0,20675.0,29858.0,10407.0,10167.0,7941.0,3967.0,110319.0,10799.0,10810.0,14141.0,11412.0,11408.0,16653.0,21429.0,8846.0,395985.0,2019,01,,친환경
187,하이브리드(경유+전기),소계,계,32.0,14.0,16.0,8.0,3.0,4.0,0.0,1.0,26.0,0.0,3.0,2.0,2.0,1.0,0.0,12.0,0.0,124.0,2019,01,,친환경
204,하이브리드(LPG+전기),소계,계,1935.0,887.0,1018.0,839.0,718.0,581.0,563.0,194.0,4114.0,738.0,711.0,807.0,844.0,940.0,1118.0,1107.0,324.0,17438.0,2019,01,,친환경
221,하이브리드(CNG+전기),소계,계,51.0,2.0,13.0,39.0,26.0,0.0,46.0,27.0,79.0,0.0,3.0,0.0,9.0,0.0,20.0,1.0,0.0,316.0,2019,01,,친환경
238,하이브리드(LNG+전기),소계,계,0.0,0.0,0.0,0.0,0.0,0.0,0.0,0.0,0.0,0.0,0.0,0.0,0.0,0.0,0.0,0.0,0.0,0.0,2019,01,,친환경
255,수소,소계,계,82.0,0.0,2.0,6.0,203.0,1.0,346.0,3.0,8.0,0.0,0.0,61.0,2.0,1.0,0.0,203.0,0.0,918.0,2019,01,,친환경
272,기타연료,소계,계,5610.0,14837.0,3176.0,11247.0,2938.0,2738.0,4467.0,564.0,20241.0,2809.0,4776.0,6629.0,3940.0,8055.0,8338.0,6996.0,672.0,108033.0,2019,01,,비친환경
289,총계,소계,계,3128420.0,1374237.0,1180280.0,1585866.0,666311.0,670964.0,559108.0,149711.0,5641689.0,768981.0,818127.0,1097235.0,918657.0,1034777.0,1426204.0,1698317.0,557130.0,23276014.0,2019,01,,비친환경
17,휘발유,소계,계,1594206.0,651974.0,554304.0,721619.0,290838.0,321952.0,277329.0,74687.0,2669880.0,323102.0,351550.0,469183.0,366960.0,382768.0,606962.0,789966.0,226083.0,10673363.0,2019,02,,비친환경
34,경유,소계,계,1150211.0,560669.0,474050.0,684104.0,272438.0,261621.0,228494.0,59831.0,2406896.0,368915.0,381163.0,521122.0,441151.0,523961.0,663214.0,733976.0,243829.0,9975645.0,2019,02,,비친환경
51,엘피지,소계,계,281701.0,121805.0,116798.0,137221.0,86023.0,70162.0,38587.0,11402.0,413393.0,61157.0,69024.0,85678.0,93370.0,104971.0,128128.0,139486.0,64679.0,2023585.0,2019,02,,비친환경
68,등유,소계,계,0.0,0.0,0.0,0.0,0.0,0.0,0.0,0.0,0.0,0.0,0.0,0.0,0.0,0.0,0.0,1.0,0.0,1.0,2019,02,,비친환경
85,전기,소계,계,9647.0,1602.0,6927.0,1341.0,1462.0,1358.0,864.0,414.0,6579.0,1423.0,1216.0,1161.0,1017.0,1999.0,2043.0,2211.0,15268.0,56532.0,2019,02,,친환경
102,알코올,소계,계,0.0,1.0,0.0,0.0,0.0,0.0,0.0,0.0,0.0,0.0,0.0,0.0,0.0,0.0,0.0,0.0,0.0,1.0,2019,02,,비친환경
119,태양열,소계,계,0.0,0.0,0.0,0.0,0.0,0.0,0.0,0.0,1.0,0.0,0.0,0.0,0.0,0.0,0.0,0.0,0.0,1.0,2019,02,,비친환경
136,CNG,소계,계,9628.0,3080.0,2656.0,2823.0,1463.0,1699.0,828.0,139.0,9212.0,832.0,720.0,617.0,1086.0,1079.0,1191.0,1794.0,14.0,38861.0,2019,02,,비친환경
153,LNG,소계,계,0.0,0.0,0.0,0.0,0.0,2.0,0.0,0.0,1.0,0.0,0.0,0.0,0.0,0.0,1.0,0.0,0.0,4.0,2019,02,,비친환경
170,하이브리드(휘발유+전기),소계,계,75812.0,22908.0,20993.0,30503.0,10560.0,10313.0,8064.0,4068.0,112292.0,10934.0,10964.0,14348.0,11615.0,11571.0,16902.0,21638.0,9000.0,402485.0,2019,02,,친환경
187,하이브리드(경유+전기),소계,계,32.0,14.0,16.0,8.0,3.0,4.0,0.0,1.0,26.0,0.0,3.0,2.0,2.0,1.0,0.0,12.0,0.0,124.0,2019,02,,친환경
204,하이브리드(LPG+전기),소계,계,1934.0,885.0,1011.0,840.0,714.0,574.0,561.0,196.0,4108.0,737.0,714.0,802.0,843.0,944.0,1114.0,1104.0,322.0,17403.0,2019,02,,친환경
221,하이브리드(CNG+전기),소계,계,51.0,2.0,13.0,39.0,26.0,0.0,46.0,27.0,79.0,0.0,3.0,0.0,9.0,0.0,20.0,1.0,0.0,316.0,2019,02,,친환경
238,하이브리드(LNG+전기),소계,계,0.0,0.0,0.0,0.0,0.0,0.0,0.0,0.0,0.0,0.0,0.0,0.0,0.0,0.0,0.0,0.0,0.0,0.0,2019,02,,친환경
255,수소,소계,계,105.0,4.0,2.0,6.0,203.0,1.0,345.0,3.0,10.0,0.0,0.0,61.0,2.0,1.0,0.0,235.0,0.0,978.0,2019,02,,친환경
272,기타연료,소계,계,5635.0,14829.0,3186.0,11287.0,2928.0,2712.0,4481.0,576.0,20372.0,2815.0,4806.0,6631.0,3949.0,8072.0,8362.0,7068.0,680.0,108389.0,2019,02,,비친환경
289,총계,소계,계,3128962.0,1377773.0,1179956.0,1589791.0,666658.0,670398.0,559599.0,151344.0,5642849.0,769915.0,820163.0,1099605.0,920004.0,1035367.0,1427937.0,1697492.0,559875.0,23297688.0,2019,02,,비친환경
17,휘발유,소계,계,1595412.0,652619.0,554780.0,724532.0,291303.0,321815.0,277530.0,75453.0,2679063.0,324043.0,352590.0,470287.0,368031.0,383778.0,607761.0,790840.0,227386.0,10697223.0,2019,03,,비친환경
34,경유,소계,계,1146551.0,560991.0,474950.0,683562.0,273081.0,262195.0,228959.0,60398.0,2400567.0,367941.0,380527.0,521416.0,440427.0,524026.0,663610.0,732816.0,245499.0,9967516.0,2019,03,,비친환경
51,엘피지,소계,계,280707.0,121478.0,116352.0,136203.0,86013.0,69986.0,38510.0,11464.0,413181.0,61019.0,68930.0,85623.0,93153.0,104741.0,127904.0,139300.0,64777.0,2019341.0,2019,03,,비친환경
68,등유,소계,계,0.0,0.0,0.0,0.0,0.0,0.0,0.0,0.0,0.0,0.0,0.0,0.0,0.0,0.0,0.0,1.0,0.0,1.0,2019,03,,비친환경
85,전기,소계,계,9934.0,1786.0,7140.0,1499.0,1587.0,1463.0,902.0,535.0,7290.0,1567.0,1377.0,1559.0,1196.0,2514.0,2404.0,2602.0,15597.0,60952.0,2019,03,,친환경
102,알코올,소계,계,0.0,1.0,0.0,0.0,0.0,0.0,0.0,0.0,0.0,0.0,0.0,0.0,0.0,0.0,0.0,0.0,0.0,1.0,2019,03,,비친환경
119,태양열,소계,계,0.0,0.0,0.0,0.0,0.0,0.0,0.0,0.0,1.0,0.0,0.0,0.0,0.0,0.0,0.0,0.0,0.0,1.0,2019,03,,비친환경
136,CNG,소계,계,9617.0,3074.0,2637.0,2823.0,1463.0,1688.0,829.0,140.0,9208.0,823.0,717.0,616.0,1086.0,1080.0,1198.0,1794.0,14.0,38807.0,2019,03,,비친환경
153,LNG,소계,계,0.0,0.0,0.0,0.0,0.0,2.0,0.0,0.0,2.0,0.0,0.0,0.0,0.0,0.0,1.0,0.0,0.0,5.0,2019,03,,비친환경
170,하이브리드(휘발유+전기),소계,계,77216.0,23327.0,21369.0,31281.0,10764.0,10517.0,8256.0,4194.0,114535.0,11162.0,11200.0,14589.0,11852.0,11876.0,17239.0,21943.0,9186.0,410506.0,2019,03,,친환경
187,하이브리드(경유+전기),소계,계,31.0,14.0,16.0,8.0,3.0,4.0,0.0,1.0,28.0,0.0,3.0,2.0,2.0,1.0,0.0,11.0,0.0,124.0,2019,03,,친환경
204,하이브리드(LPG+전기),소계,계,1931.0,883.0,1017.0,831.0,717.0,577.0,564.0,193.0,4090.0,731.0,710.0,800.0,838.0,932.0,1111.0,1110.0,324.0,17359.0,2019,03,,친환경
221,하이브리드(CNG+전기),소계,계,51.0,2.0,13.0,39.0,26.0,0.0,46.0,27.0,79.0,0.0,3.0,0.0,9.0,0.0,20.0,1.0,0.0,316.0,2019,03,,친환경
238,하이브리드(LNG+전기),소계,계,0.0,0.0,0.0,0.0,0.0,0.0,0.0,0.0,0.0,0.0,0.0,0.0,0.0,0.0,0.0,0.0,0.0,0.0,2019,03,,친환경
255,수소,소계,계,131.0,4.0,2.0,6.0,238.0,1.0,345.0,3.0,18.0,0.0,0.0,61.0,1.0,1.0,0.0,268.0,0.0,1079.0,2019,03,,친환경
272,기타연료,소계,계,5655.0,14872.0,3201.0,11330.0,2932.0,2722.0,4495.0,587.0,20570.0,2864.0,4812.0,6692.0,3989.0,8124.0,8422.0,7090.0,686.0,109043.0,2019,03,,비친환경
289,총계,소계,계,3127236.0,1379051.0,1181477.0,1592114.0,668127.0,670970.0,560436.0,152995.0,5648632.0,770150.0,820869.0,1101645.0,920584.0,1037073.0,1429670.0,1697776.0,563469.0,23322274.0,2019,03,,비친환경
17,휘발유,소계,계,1597621.0,653419.0,554786.0,728729.0,291740.0,321890.0,277693.0,76080.0,2687942.0,324957.0,354231.0,471216.0,368465.0,384945.0,608682.0,792371.0,229362.0,10724129.0,2019,04,,비친환경
34,경유,소계,계,1140532.0,560197.0,471839.0,682524.0,272615.0,261980.0,229166.0,60514.0,2397512.0,367923.0,382714.0,520894.0,440562.0,524509.0,663054.0,733454.0,245593.0,9955582.0,2019,04,,비친환경
51,엘피지,소계,계,279713.0,121279.0,116129.0,135820.0,86025.0,69941.0,38515.0,11520.0,412712.0,61004.0,68980.0,85730.0,93063.0,104755.0,127952.0,139269.0,64659.0,2017066.0,2019,04,,비친환경
68,등유,소계,계,0.0,0.0,0.0,0.0,0.0,0.0,0.0,0.0,0.0,0.0,0.0,0.0,0.0,0.0,0.0,1.0,0.0,1.0,2019,04,,비친환경
85,전기,소계,계,10175.0,1906.0,7475.0,1686.0,1736.0,1616.0,927.0,642.0,7872.0,1727.0,1695.0,2051.0,1418.0,2687.0,2763.0,2783.0,16066.0,65225.0,2019,04,,친환경
102,알코올,소계,계,0.0,1.0,0.0,0.0,0.0,0.0,0.0,0.0,0.0,0.0,0.0,0.0,0.0,0.0,0.0,0.0,0.0,1.0,2019,04,,비친환경
119,태양열,소계,계,0.0,0.0,0.0,0.0,0.0,0.0,0.0,0.0,1.0,0.0,0.0,0.0,0.0,0.0,0.0,0.0,0.0,1.0,2019,04,,비친환경
136,CNG,소계,계,9607.0,3078.0,2644.0,2812.0,1462.0,1685.0,829.0,142.0,9223.0,821.0,715.0,610.0,1081.0,1080.0,1198.0,1786.0,14.0,38787.0,2019,04,,비친환경
153,LNG,소계,계,0.0,0.0,0.0,0.0,0.0,2.0,0.0,0.0,2.0,0.0,0.0,0.0,0.0,0.0,1.0,0.0,0.0,5.0,2019,04,,비친환경
170,하이브리드(휘발유+전기),소계,계,78778.0,23798.0,21778.0,32275.0,10986.0,10700.0,8438.0,4327.0,117146.0,11371.0,11422.0,14855.0,12129.0,12188.0,17581.0,22335.0,9415.0,419522.0,2019,04,,친환경
187,하이브리드(경유+전기),소계,계,31.0,15.0,15.0,8.0,3.0,4.0,0.0,1.0,28.0,0.0,3.0,2.0,2.0,1.0,0.0,11.0,0.0,124.0,2019,04,,친환경
204,하이브리드(LPG+전기),소계,계,1939.0,881.0,1007.0,830.0,714.0,576.0,562.0,190.0,4066.0,731.0,709.0,802.0,842.0,929.0,1112.0,1112.0,327.0,17329.0,2019,04,,친환경
221,하이브리드(CNG+전기),소계,계,51.0,2.0,13.0,39.0,26.0,0.0,46.0,27.0,79.0,0.0,3.0,0.0,9.0,0.0,20.0,1.0,0.0,316.0,2019,04,,친환경
238,하이브리드(LNG+전기),소계,계,0.0,0.0,0.0,0.0,0.0,0.0,0.0,0.0,0.0,0.0,0.0,0.0,0.0,0.0,0.0,0.0,0.0,0.0,2019,04,,친환경
255,수소,소계,계,143.0,8.0,4.0,6.0,304.0,19.0,530.0,3.0,38.0,0.0,0.0,62.0,1.0,2.0,1.0,321.0,0.0,1442.0,2019,04,,친환경
272,기타연료,소계,계,5699.0,14901.0,3218.0,11374.0,2953.0,2759.0,4522.0,591.0,20783.0,2890.0,4869.0,6763.0,4024.0,8170.0,8457.0,7120.0,687.0,109780.0,2019,04,,비친환경
289,총계,소계,계,3124289.0,1379485.0,1178908.0,1596103.0,668564.0,671172.0,561228.0,154037.0,5657404.0,771424.0,825341.0,1102985.0,921596.0,1039266.0,1430821.0,1700564.0,566123.0,23349310.0,2019,04,,비친환경
17,휘발유,소계,계,1598156.0,654493.0,555213.0,734400.0,292291.0,322205.0,278127.0,76532.0,2697351.0,325858.0,355194.0,472035.0,369386.0,385742.0,609480.0,793855.0,231024.0,10751342.0,2019,05,,비친환경
34,경유,소계,계,1136392.0,560607.0,471504.0,682220.0,272398.0,261108.0,228574.0,60730.0,2400645.0,368493.0,383066.0,521532.0,441348.0,525190.0,663911.0,734611.0,246969.0,9959298.0,2019,05,,비친환경
51,엘피지,소계,계,278696.0,121212.0,115846.0,135805.0,86227.0,69863.0,38445.0,11527.0,412317.0,60970.0,68910.0,85780.0,93207.0,104651.0,127991.0,139400.0,64559.0,2015406.0,2019,05,,비친환경
68,등유,소계,계,0.0,0.0,0.0,0.0,0.0,0.0,0.0,0.0,0.0,0.0,0.0,0.0,0.0,0.0,0.0,1.0,0.0,1.0,2019,05,,비친환경
85,전기,소계,계,10613.0,2085.0,7964.0,1842.0,1870.0,1781.0,959.0,728.0,8549.0,1833.0,1882.0,2246.0,1490.0,2817.0,2971.0,3005.0,16588.0,69223.0,2019,05,,친환경
102,알코올,소계,계,0.0,1.0,0.0,0.0,0.0,0.0,0.0,0.0,0.0,0.0,0.0,0.0,0.0,0.0,0.0,0.0,0.0,1.0,2019,05,,비친환경
119,태양열,소계,계,0.0,0.0,0.0,0.0,0.0,0.0,0.0,0.0,1.0,0.0,0.0,0.0,0.0,0.0,0.0,0.0,0.0,1.0,2019,05,,비친환경
136,CNG,소계,계,9595.0,3072.0,2648.0,2814.0,1452.0,1681.0,818.0,145.0,9168.0,817.0,720.0,613.0,1082.0,1079.0,1189.0,1781.0,15.0,38689.0,2019,05,,비친환경
153,LNG,소계,계,0.0,0.0,0.0,0.0,0.0,1.0,0.0,0.0,2.0,0.0,0.0,1.0,0.0,0.0,1.0,0.0,0.0,5.0,2019,05,,비친환경
170,하이브리드(휘발유+전기),소계,계,80460.0,24288.0,22133.0,33334.0,11217.0,10899.0,8604.0,4429.0,119734.0,11575.0,11647.0,15097.0,12360.0,12407.0,17882.0,22778.0,9665.0,428509.0,2019,05,,친환경
187,하이브리드(경유+전기),소계,계,31.0,15.0,15.0,8.0,3.0,3.0,0.0,1.0,30.0,1.0,3.0,1.0,2.0,1.0,0.0,10.0,0.0,124.0,2019,05,,친환경
204,하이브리드(LPG+전기),소계,계,1953.0,881.0,1008.0,825.0,715.0,569.0,563.0,187.0,4035.0,722.0,716.0,806.0,842.0,922.0,1108.0,1109.0,330.0,17291.0,2019,05,,친환경
221,하이브리드(CNG+전기),소계,계,51.0,2.0,13.0,39.0,26.0,0.0,46.0,27.0,79.0,0.0,3.0,0.0,9.0,0.0,23.0,1.0,0.0,319.0,2019,05,,친환경
238,하이브리드(LNG+전기),소계,계,0.0,0.0,0.0,0.0,0.0,0.0,0.0,0.0,0.0,0.0,0.0,0.0,0.0,0.0,0.0,0.0,0.0,0.0,2019,05,,친환경
255,수소,소계,계,146.0,97.0,4.0,7.0,324.0,28.0,728.0,4.0,103.0,0.0,2.0,89.0,1.0,3.0,2.0,363.0,0.0,1901.0,2019,05,,친환경
272,기타연료,소계,계,5714.0,14932.0,3246.0,11371.0,2966.0,2791.0,4554.0,601.0,20983.0,2920.0,4887.0,6840.0,4037.0,8237.0,8548.0,7186.0,698.0,110511.0,2019,05,,비친환경
289,총계,소계,계,3121807.0,1381685.0,1179594.0,1602665.0,669489.0,670929.0,561418.0,154911.0,5672997.0,773189.0,827030.0,1105040.0,923764.0,1041049.0,1433106.0,1704100.0,569848.0,23392621.0,2019,05,,비친환경
17,휘발유,소계,계,1597613.0,655520.0,555591.0,740272.0,292768.0,322380.0,278416.0,77074.0,2706021.0,326587.0,356006.0,472846.0,370011.0,386515.0,610121.0,795239.0,233180.0,10776160.0,2019,06,,비친환경
34,경유,소계,계,1134320.0,561539.0,471996.0,681712.0,272443.0,260767.0,228649.0,61085.0,2407581.0,369581.0,383751.0,522481.0,442282.0,526619.0,665227.0,736202.0,248414.0,9974649.0,2019,06,,비친환경
51,엘피지,소계,계,277855.0,120977.0,115562.0,135842.0,86340.0,69722.0,38369.0,11595.0,411824.0,60923.0,68852.0,85738.0,93145.0,104681.0,127790.0,139297.0,64646.0,2013158.0,2019,06,,비친환경
68,등유,소계,계,0.0,0.0,0.0,0.0,0.0,0.0,0.0,0.0,0.0,0.0,0.0,0.0,0.0,0.0,0.0,1.0,0.0,1.0,2019,06,,비친환경
85,전기,소계,계,11082.0,2234.0,8307.0,1985.0,2024.0,1937.0,1019.0,800.0,9267.0,1945.0,1973.0,2308.0,1586.0,2979.0,3159.0,3108.0,17101.0,72814.0,2019,06,,친환경
102,알코올,소계,계,0.0,1.0,0.0,0.0,0.0,0.0,0.0,0.0,0.0,0.0,0.0,0.0,0.0,0.0,0.0,0.0,0.0,1.0,2019,06,,비친환경
119,태양열,소계,계,0.0,0.0,0.0,0.0,0.0,0.0,0.0,0.0,1.0,0.0,0.0,0.0,0.0,0.0,0.0,0.0,0.0,1.0,2019,06,,비친환경
136,CNG,소계,계,9587.0,3063.0,2631.0,2806.0,1449.0,1675.0,819.0,145.0,9163.0,811.0,716.0,609.0,1076.0,1070.0,1177.0,1773.0,15.0,38585.0,2019,06,,비친환경
153,LNG,소계,계,0.0,0.0,0.0,0.0,0.0,1.0,0.0,0.0,1.0,0.0,0.0,1.0,0.0,0.0,1.0,0.0,0.0,4.0,2019,06,,비친환경
170,하이브리드(휘발유+전기),소계,계,81966.0,24717.0,22547.0,34507.0,11399.0,11119.0,8769.0,4534.0,122278.0,11800.0,11885.0,15383.0,12576.0,12645.0,18244.0,23184.0,9979.0,437532.0,2019,06,,친환경
187,하이브리드(경유+전기),소계,계,42.0,25.0,24.0,17.0,3.0,3.0,0.0,1.0,29.0,1.0,3.0,1.0,3.0,1.0,0.0,10.0,0.0,163.0,2019,06,,친환경
204,하이브리드(LPG+전기),소계,계,1962.0,873.0,1004.0,815.0,717.0,562.0,560.0,190.0,4033.0,720.0,718.0,810.0,843.0,916.0,1107.0,1108.0,329.0,17267.0,2019,06,,친환경
221,하이브리드(CNG+전기),소계,계,51.0,2.0,13.0,39.0,26.0,0.0,46.0,27.0,79.0,0.0,3.0,0.0,9.0,0.0,30.0,1.0,0.0,326.0,2019,06,,친환경
238,하이브리드(LNG+전기),소계,계,0.0,0.0,0.0,0.0,0.0,0.0,0.0,0.0,0.0,0.0,0.0,0.0,0.0,0.0,0.0,0.0,0.0,0.0,2019,06,,친환경
255,수소,소계,계,146.0,179.0,4.0,29.0,348.0,62.0,898.0,3.0,135.0,1.0,25.0,126.0,1.0,3.0,2.0,391.0,0.0,2353.0,2019,06,,친환경
272,기타연료,소계,계,5708.0,14957.0,3276.0,11374.0,2995.0,2811.0,4561.0,628.0,21207.0,2971.0,4930.0,6903.0,4042.0,8254.0,8600.0,7237.0,697.0,111151.0,2019,06,,비친환경
289,총계,소계,계,3120332.0,1384087.0,1180955.0,1609398.0,670512.0,671039.0,562106.0,156082.0,5691619.0,775340.0,828862.0,1107206.0,925574.0,1043683.0,1435458.0,1707551.0,574361.0,23444165.0,2019,06,,비친환경
17,휘발유,소계,계,1598576.0,656104.0,555980.0,745217.0,293388.0,322690.0,278615.0,77795.0,2715122.0,327397.0,357013.0,473748.0,370633.0,387538.0,610636.0,796954.0,235735.0,10803141.0,2019,07,,비친환경
34,경유,소계,계,1133237.0,561755.0,472474.0,682994.0,272982.0,260893.0,229085.0,61519.0,2414008.0,370559.0,384673.0,523541.0,442147.0,527818.0,666590.0,737806.0,250008.0,9992089.0,2019,07,,비친환경
51,엘피지,소계,계,276747.0,120672.0,115295.0,136293.0,86435.0,69573.0,38322.0,11709.0,411642.0,60895.0,68903.0,85689.0,93163.0,104675.0,127647.0,139277.0,64692.0,2011629.0,2019,07,,비친환경
68,등유,소계,계,0.0,0.0,0.0,0.0,0.0,0.0,0.0,0.0,0.0,0.0,0.0,0.0,0.0,0.0,0.0,1.0,0.0,1.0,2019,07,,비친환경
85,전기,소계,계,11764.0,2410.0,8656.0,2132.0,2140.0,2117.0,1079.0,811.0,9877.0,2114.0,2074.0,2421.0,1641.0,3077.0,3409.0,3258.0,17352.0,76332.0,2019,07,,친환경
102,알코올,소계,계,0.0,1.0,0.0,0.0,0.0,0.0,0.0,0.0,0.0,0.0,0.0,0.0,0.0,0.0,0.0,0.0,0.0,1.0,2019,07,,비친환경
119,태양열,소계,계,0.0,0.0,0.0,0.0,0.0,0.0,0.0,0.0,1.0,0.0,0.0,0.0,0.0,0.0,0.0,0.0,0.0,1.0,2019,07,,비친환경
136,CNG,소계,계,9572.0,3052.0,2631.0,2802.0,1444.0,1675.0,814.0,151.0,9179.0,802.0,706.0,614.0,1071.0,1070.0,1174.0,1766.0,15.0,38538.0,2019,07,,비친환경
153,LNG,소계,계,0.0,0.0,0.0,0.0,0.0,1.0,0.0,0.0,1.0,0.0,0.0,0.0,0.0,0.0,1.0,0.0,0.0,3.0,2019,07,,비친환경
170,하이브리드(휘발유+전기),소계,계,83297.0,25142.0,22912.0,35778.0,11662.0,11291.0,8900.0,4646.0,124718.0,12010.0,12113.0,15628.0,12825.0,12866.0,18556.0,23620.0,10460.0,446424.0,2019,07,,친환경
187,하이브리드(경유+전기),소계,계,60.0,60.0,42.0,43.0,4.0,6.0,1.0,1.0,45.0,4.0,4.0,3.0,3.0,5.0,1.0,13.0,0.0,295.0,2019,07,,친환경
204,하이브리드(LPG+전기),소계,계,1955.0,865.0,1005.0,817.0,718.0,561.0,552.0,188.0,4035.0,717.0,723.0,810.0,837.0,909.0,1099.0,1106.0,330.0,17227.0,2019,07,,친환경
221,하이브리드(CNG+전기),소계,계,51.0,2.0,13.0,39.0,26.0,0.0,46.0,27.0,79.0,0.0,3.0,0.0,9.0,0.0,30.0,1.0,0.0,326.0,2019,07,,친환경
238,하이브리드(LNG+전기),소계,계,0.0,0.0,0.0,0.0,0.0,0.0,0.0,0.0,0.0,0.0,0.0,0.0,0.0,0.0,0.0,0.0,0.0,0.0,2019,07,,친환경
255,수소,소계,계,146.0,201.0,4.0,73.0,354.0,140.0,1046.0,6.0,162.0,28.0,41.0,136.0,1.0,3.0,2.0,431.0,0.0,2774.0,2019,07,,친환경
272,기타연료,소계,계,5735.0,14988.0,3339.0,11409.0,3013.0,2841.0,4575.0,645.0,21486.0,3032.0,4991.0,6962.0,4092.0,8249.0,8650.0,7281.0,705.0,111993.0,2019,07,,비친환경
289,총계,소계,계,3121140.0,1385252.0,1182351.0,1617597.0,672166.0,671788.0,563035.0,157498.0,5710355.0,777558.0,831244.0,1109552.0,926422.0,1046210.0,1437795.0,1711514.0,579297.0,23500774.0,2019,07,,비친환경
17,휘발유,소계,계,1600201.0,657402.0,556905.0,746950.0,294038.0,322964.0,278853.0,78418.0,2724875.0,328318.0,357929.0,474761.0,371371.0,388419.0,611211.0,798426.0,238372.0,10829413.0,2019,08,,비친환경
34,경유,소계,계,1131662.0,562300.0,472831.0,682109.0,273280.0,260625.0,229359.0,61903.0,2416938.0,371471.0,385471.0,524199.0,442973.0,528911.0,668031.0,738599.0,250938.0,10001600.0,2019,08,,비친환경
51,엘피지,소계,계,275550.0,120452.0,114969.0,135963.0,86508.0,69385.0,38277.0,11751.0,411300.0,60799.0,68879.0,85681.0,93111.0,104481.0,127476.0,139032.0,64664.0,2008278.0,2019,08,,비친환경
68,등유,소계,계,0.0,0.0,0.0,0.0,0.0,0.0,0.0,0.0,0.0,0.0,0.0,0.0,0.0,0.0,0.0,1.0,0.0,1.0,2019,08,,비친환경
85,전기,소계,계,12050.0,2489.0,9053.0,2210.0,2213.0,2224.0,1123.0,826.0,10304.0,2236.0,2106.0,2490.0,1700.0,3122.0,3563.0,3392.0,17559.0,78660.0,2019,08,,친환경
102,알코올,소계,계,0.0,1.0,0.0,0.0,0.0,0.0,0.0,0.0,0.0,0.0,0.0,0.0,0.0,0.0,0.0,0.0,0.0,1.0,2019,08,,비친환경
119,태양열,소계,계,0.0,0.0,0.0,0.0,0.0,0.0,0.0,0.0,1.0,0.0,0.0,0.0,0.0,0.0,0.0,0.0,0.0,1.0,2019,08,,비친환경
136,CNG,소계,계,9563.0,3044.0,2631.0,2789.0,1446.0,1670.0,815.0,151.0,9170.0,800.0,708.0,608.0,1068.0,1065.0,1162.0,1758.0,15.0,38463.0,2019,08,,비친환경
153,LNG,소계,계,0.0,0.0,0.0,0.0,0.0,1.0,0.0,0.0,0.0,0.0,0.0,1.0,0.0,0.0,1.0,0.0,0.0,3.0,2019,08,,비친환경
170,하이브리드(휘발유+전기),소계,계,83915.0,25398.0,23251.0,36311.0,11784.0,11433.0,8971.0,4713.0,126357.0,12156.0,12258.0,15765.0,12991.0,12984.0,18788.0,23880.0,10638.0,451593.0,2019,08,,친환경
187,하이브리드(경유+전기),소계,계,66.0,73.0,54.0,56.0,5.0,7.0,3.0,0.0,60.0,4.0,5.0,4.0,8.0,7.0,2.0,14.0,1.0,369.0,2019,08,,친환경
204,하이브리드(LPG+전기),소계,계,1946.0,856.0,993.0,816.0,720.0,553.0,549.0,184.0,4033.0,721.0,724.0,799.0,833.0,905.0,1106.0,1109.0,330.0,17177.0,2019,08,,친환경
221,하이브리드(CNG+전기),소계,계,51.0,2.0,13.0,39.0,26.0,0.0,46.0,27.0,79.0,0.0,3.0,0.0,9.0,0.0,31.0,1.0,0.0,327.0,2019,08,,친환경
238,하이브리드(LNG+전기),소계,계,0.0,0.0,0.0,0.0,0.0,0.0,0.0,0.0,0.0,0.0,0.0,0.0,0.0,0.0,0.0,0.0,0.0,0.0,2019,08,,친환경
255,수소,소계,계,146.0,220.0,4.0,80.0,354.0,149.0,1099.0,9.0,177.0,31.0,47.0,184.0,4.0,3.0,2.0,446.0,0.0,2955.0,2019,08,,친환경
272,기타연료,소계,계,5742.0,15006.0,3359.0,11498.0,3030.0,2860.0,4589.0,668.0,21685.0,3069.0,5052.0,6999.0,4130.0,8263.0,8714.0,7328.0,705.0,112697.0,2019,08,,비친환경
289,총계,소계,계,3120892.0,1387243.0,1184063.0,1618821.0,673404.0,671871.0,563684.0,158650.0,5724979.0,779605.0,833182.0,1111491.0,928198.0,1048160.0,1440087.0,1713986.0,583222.0,23541538.0,2019,08,,비친환경
17,휘발유,소계,계,1602080.0,658980.0,558071.0,750617.0,294695.0,323440.0,279207.0,78944.0,2736704.0,329431.0,358878.0,476263.0,372293.0,390005.0,612026.0,800437.0,240391.0,10862462.0,2019,09,,비친환경
34,경유,소계,계,1130033.0,562615.0,472866.0,680342.0,273490.0,260617.0,229403.0,62206.0,2406885.0,371579.0,386145.0,525368.0,442415.0,529445.0,669298.0,739999.0,250560.0,9993266.0,2019,09,,비친환경
51,엘피지,소계,계,274648.0,120357.0,114683.0,135228.0,86463.0,69308.0,38279.0,11828.0,411857.0,60681.0,68894.0,85744.0,93136.0,104725.0,127524.0,138979.0,64585.0,2006919.0,2019,09,,비친환경
68,등유,소계,계,0.0,0.0,0.0,0.0,0.0,0.0,0.0,0.0,0.0,0.0,0.0,0.0,0.0,0.0,0.0,1.0,0.0,1.0,2019,09,,비친환경
85,전기,소계,계,12389.0,2567.0,9403.0,2322.0,2283.0,2303.0,1169.0,857.0,10657.0,2339.0,2144.0,2551.0,1752.0,3259.0,3670.0,3458.0,17779.0,80902.0,2019,09,,친환경
102,알코올,소계,계,0.0,1.0,0.0,0.0,0.0,0.0,0.0,0.0,0.0,0.0,0.0,0.0,0.0,0.0,0.0,0.0,0.0,1.0,2019,09,,비친환경
119,태양열,소계,계,0.0,0.0,0.0,0.0,0.0,0.0,0.0,0.0,1.0,0.0,0.0,0.0,0.0,0.0,0.0,0.0,0.0,1.0,2019,09,,비친환경
136,CNG,소계,계,9551.0,3042.0,2619.0,2793.0,1436.0,1672.0,817.0,151.0,9196.0,796.0,714.0,607.0,1067.0,1062.0,1165.0,1745.0,14.0,38447.0,2019,09,,비친환경
153,LNG,소계,계,0.0,0.0,0.0,0.0,0.0,1.0,0.0,0.0,0.0,0.0,0.0,1.0,0.0,0.0,1.0,0.0,0.0,3.0,2019,09,,비친환경
170,하이브리드(휘발유+전기),소계,계,84882.0,25752.0,23544.0,36888.0,11939.0,11574.0,9155.0,4808.0,128528.0,12372.0,12442.0,16019.0,13192.0,13210.0,19076.0,24300.0,10894.0,458575.0,2019,09,,친환경
187,하이브리드(경유+전기),소계,계,70.0,94.0,66.0,61.0,7.0,8.0,5.0,0.0,68.0,6.0,6.0,6.0,12.0,10.0,2.0,17.0,1.0,439.0,2019,09,,친환경
204,하이브리드(LPG+전기),소계,계,1937.0,857.0,986.0,809.0,715.0,549.0,550.0,184.0,4043.0,713.0,725.0,794.0,834.0,910.0,1104.0,1103.0,324.0,17137.0,2019,09,,친환경
221,하이브리드(CNG+전기),소계,계,51.0,2.0,13.0,39.0,26.0,0.0,46.0,27.0,79.0,0.0,3.0,0.0,9.0,0.0,31.0,1.0,0.0,327.0,2019,09,,친환경
238,하이브리드(LNG+전기),소계,계,0.0,0.0,0.0,0.0,0.0,0.0,0.0,0.0,0.0,0.0,0.0,0.0,0.0,0.0,0.0,0.0,0.0,0.0,2019,09,,친환경
255,수소,소계,계,269.0,350.0,4.0,92.0,354.0,153.0,1146.0,10.0,258.0,31.0,53.0,223.0,5.0,3.0,3.0,482.0,0.0,3436.0,2019,09,,친환경
272,기타연료,소계,계,5777.0,15033.0,3394.0,11555.0,3062.0,2869.0,4588.0,676.0,21880.0,3124.0,5100.0,7044.0,4153.0,8281.0,8758.0,7363.0,710.0,113367.0,2019,09,,비친환경
289,총계,소계,계,3121687.0,1389650.0,1185649.0,1620746.0,674470.0,672494.0,564365.0,159691.0,5730156.0,781072.0,835104.0,1114620.0,928868.0,1050910.0,1442658.0,1717885.0,585258.0,23575283.0,2019,09,,비친환경
17,휘발유,소계,계,1603599.0,659314.0,560036.0,754771.0,295215.0,323752.0,279452.0,79685.0,2747108.0,330229.0,360126.0,477378.0,373310.0,391584.0,612740.0,801763.0,242372.0,10892434.0,2019,10,,비친환경
34,경유,소계,계,1127517.0,561271.0,471964.0,679891.0,273259.0,260393.0,228736.0,62698.0,2400620.0,369866.0,385786.0,524875.0,438550.0,529400.0,668091.0,736595.0,250977.0,9970489.0,2019,10,,비친환경
51,엘피지,소계,계,273628.0,119855.0,115254.0,136240.0,86646.0,69163.0,38289.0,11944.0,411844.0,60743.0,68884.0,85903.0,93431.0,104794.0,127569.0,137883.0,64731.0,2006801.0,2019,10,,비친환경
68,등유,소계,계,0.0,0.0,0.0,0.0,0.0,0.0,0.0,0.0,0.0,0.0,0.0,0.0,0.0,0.0,0.0,1.0,0.0,1.0,2019,10,,비친환경
85,전기,소계,계,12711.0,2645.0,9733.0,2412.0,2341.0,2361.0,1198.0,867.0,11035.0,2385.0,2271.0,2649.0,1804.0,3278.0,3832.0,3592.0,17933.0,83047.0,2019,10,,친환경
102,알코올,소계,계,0.0,1.0,0.0,0.0,0.0,0.0,0.0,0.0,0.0,0.0,0.0,0.0,0.0,0.0,0.0,0.0,0.0,1.0,2019,10,,비친환경
119,태양열,소계,계,0.0,0.0,0.0,0.0,0.0,0.0,0.0,0.0,0.0,0.0,0.0,0.0,0.0,0.0,0.0,0.0,0.0,0.0,2019,10,,비친환경
136,CNG,소계,계,9534.0,3019.0,2610.0,2805.0,1411.0,1679.0,818.0,153.0,9161.0,797.0,723.0,601.0,1066.0,1056.0,1161.0,1733.0,12.0,38339.0,2019,10,,비친환경
153,LNG,소계,계,0.0,0.0,0.0,0.0,0.0,0.0,0.0,0.0,0.0,0.0,0.0,1.0,0.0,0.0,1.0,0.0,0.0,2.0,2019,10,,비친환경
170,하이브리드(휘발유+전기),소계,계,86164.0,26113.0,23907.0,37640.0,12126.0,11780.0,9351.0,4956.0,131045.0,12615.0,12641.0,16335.0,13451.0,13486.0,19470.0,24720.0,11242.0,467042.0,2019,10,,친환경
187,하이브리드(경유+전기),소계,계,75.0,97.0,77.0,67.0,7.0,9.0,5.0,0.0,78.0,6.0,7.0,6.0,14.0,11.0,3.0,18.0,3.0,483.0,2019,10,,친환경
204,하이브리드(LPG+전기),소계,계,1924.0,850.0,973.0,798.0,712.0,550.0,545.0,182.0,4035.0,709.0,732.0,795.0,831.0,915.0,1104.0,1101.0,322.0,17078.0,2019,10,,친환경
221,하이브리드(CNG+전기),소계,계,51.0,2.0,13.0,39.0,26.0,0.0,46.0,27.0,79.0,0.0,3.0,0.0,9.0,0.0,31.0,1.0,0.0,327.0,2019,10,,친환경
238,하이브리드(LNG+전기),소계,계,0.0,0.0,0.0,0.0,0.0,0.0,0.0,0.0,0.0,0.0,0.0,0.0,0.0,0.0,0.0,0.0,0.0,0.0,2019,10,,친환경
255,수소,소계,계,405.0,380.0,4.0,127.0,373.0,192.0,1187.0,12.0,392.0,38.0,70.0,253.0,6.0,2.0,3.0,507.0,0.0,3951.0,2019,10,,친환경
272,기타연료,소계,계,5808.0,15061.0,3429.0,11573.0,3073.0,2893.0,4605.0,686.0,22106.0,3139.0,5124.0,7110.0,4181.0,8282.0,8836.0,7400.0,713.0,114019.0,2019,10,,비친환경
289,총계,소계,계,3121416.0,1388608.0,1188000.0,1626363.0,675189.0,672772.0,564232.0,161210.0,5737503.0,780527.0,836367.0,1115906.0,926653.0,1052808.0,1442841.0,1715314.0,588305.0,23594014.0,2019,10,,비친환경
17,휘발유,소계,계,1606142.0,661310.0,561170.0,758552.0,295706.0,324569.0,280011.0,80501.0,2758873.0,331555.0,361793.0,478740.0,374782.0,393633.0,614363.0,804182.0,244780.0,10930662.0,2019,11,,비친환경
34,경유,소계,계,1124489.0,561773.0,471731.0,679007.0,272986.0,259719.0,228332.0,62765.0,2400030.0,369275.0,384434.0,523380.0,437187.0,528606.0,666898.0,736078.0,252240.0,9958930.0,2019,11,,비친환경
51,엘피지,소계,계,272686.0,119799.0,114991.0,136112.0,86750.0,69094.0,38269.0,12027.0,412162.0,60729.0,68941.0,86071.0,93517.0,104721.0,127691.0,137861.0,64876.0,2006297.0,2019,11,,비친환경
68,등유,소계,계,0.0,0.0,0.0,0.0,0.0,0.0,0.0,0.0,0.0,0.0,0.0,0.0,0.0,0.0,0.0,1.0,0.0,1.0,2019,11,,비친환경
85,전기,소계,계,13726.0,2953.0,11016.0,2516.0,2389.0,2429.0,1398.0,878.0,11388.0,2430.0,2382.0,2792.0,1823.0,3303.0,3956.0,3623.0,18062.0,87064.0,2019,11,,친환경
102,알코올,소계,계,0.0,1.0,0.0,0.0,0.0,0.0,0.0,0.0,0.0,0.0,0.0,0.0,0.0,0.0,0.0,0.0,0.0,1.0,2019,11,,비친환경
119,태양열,소계,계,0.0,0.0,0.0,0.0,0.0,0.0,0.0,0.0,0.0,0.0,0.0,0.0,0.0,0.0,0.0,0.0,0.0,0.0,2019,11,,비친환경
136,CNG,소계,계,9524.0,2986.0,2617.0,2789.0,1417.0,1673.0,819.0,156.0,9157.0,780.0,735.0,602.0,1066.0,1055.0,1159.0,1722.0,12.0,38269.0,2019,11,,비친환경
153,LNG,소계,계,0.0,0.0,0.0,0.0,0.0,0.0,0.0,0.0,0.0,0.0,0.0,1.0,0.0,0.0,1.0,0.0,0.0,2.0,2019,11,,비친환경
170,하이브리드(휘발유+전기),소계,계,87480.0,26594.0,24355.0,38387.0,12338.0,12013.0,9509.0,5095.0,133536.0,12865.0,12914.0,16662.0,13703.0,13746.0,19820.0,25218.0,11553.0,475788.0,2019,11,,친환경
187,하이브리드(경유+전기),소계,계,80.0,112.0,82.0,71.0,8.0,8.0,5.0,0.0,84.0,6.0,7.0,7.0,15.0,11.0,4.0,18.0,6.0,524.0,2019,11,,친환경
204,하이브리드(LPG+전기),소계,계,1918.0,847.0,971.0,795.0,708.0,550.0,540.0,184.0,4022.0,713.0,741.0,794.0,828.0,910.0,1098.0,1102.0,324.0,17045.0,2019,11,,친환경
221,하이브리드(CNG+전기),소계,계,51.0,2.0,13.0,39.0,26.0,0.0,46.0,27.0,79.0,0.0,3.0,0.0,9.0,0.0,31.0,1.0,0.0,327.0,2019,11,,친환경
238,하이브리드(LNG+전기),소계,계,0.0,0.0,0.0,0.0,0.0,0.0,0.0,0.0,0.0,0.0,0.0,0.0,0.0,0.0,0.0,0.0,0.0,0.0,2019,11,,친환경
255,수소,소계,계,514.0,480.0,4.0,175.0,474.0,206.0,1241.0,15.0,536.0,100.0,87.0,269.0,7.0,2.0,7.0,533.0,0.0,4650.0,2019,11,,친환경
272,기타연료,소계,계,5823.0,15071.0,3449.0,11631.0,3092.0,2917.0,4643.0,706.0,22223.0,3167.0,5160.0,7172.0,4192.0,8303.0,8894.0,7428.0,712.0,114583.0,2019,11,,비친환경
289,총계,소계,계,3122433.0,1391928.0,1190399.0,1630074.0,675894.0,673178.0,564813.0,162354.0,5752090.0,781620.0,837197.0,1116490.0,927129.0,1054290.0,1443922.0,1717767.0,592565.0,23634143.0,2019,11,,비친환경
17,휘발유,소계,계,1607915.0,662927.0,561643.0,762646.0,295842.0,325300.0,280375.0,81071.0,2767604.0,332310.0,363300.0,480111.0,375697.0,395130.0,615554.0,806309.0,247045.0,10960779.0,2019,12,,비친환경
34,경유,소계,계,1121920.0,562587.0,470569.0,679511.0,272754.0,259170.0,228433.0,62853.0,2401337.0,369370.0,382716.0,522886.0,437725.0,528336.0,667262.0,736952.0,253162.0,9957543.0,2019,12,,비친환경
51,엘피지,소계,계,271977.0,119609.0,114533.0,135731.0,86844.0,69075.0,38190.0,12131.0,411718.0,60561.0,69152.0,86247.0,93641.0,104892.0,127750.0,137834.0,64845.0,2004730.0,2019,12,,비친환경
68,등유,소계,계,0.0,0.0,0.0,0.0,0.0,0.0,0.0,0.0,0.0,0.0,0.0,0.0,0.0,0.0,0.0,1.0,0.0,1.0,2019,12,,비친환경
85,전기,소계,계,14952.0,3216.0,11313.0,2598.0,2464.0,2555.0,1447.0,903.0,11750.0,2445.0,2412.0,2841.0,1841.0,3326.0,4051.0,3626.0,18178.0,89918.0,2019,12,,친환경
102,알코올,소계,계,0.0,1.0,0.0,0.0,0.0,0.0,0.0,0.0,0.0,0.0,0.0,0.0,0.0,0.0,0.0,0.0,0.0,1.0,2019,12,,비친환경
119,태양열,소계,계,0.0,0.0,0.0,0.0,0.0,0.0,0.0,0.0,0.0,0.0,0.0,0.0,0.0,0.0,0.0,0.0,0.0,0.0,2019,12,,비친환경
136,CNG,소계,계,9441.0,2974.0,2617.0,2773.0,1414.0,1677.0,821.0,158.0,9182.0,774.0,736.0,601.0,1063.0,1048.0,1156.0,1702.0,10.0,38147.0,2019,12,,비친환경
153,LNG,소계,계,0.0,0.0,0.0,3.0,0.0,0.0,0.0,0.0,0.0,0.0,0.0,1.0,0.0,0.0,1.0,0.0,0.0,5.0,2019,12,,비친환경
170,하이브리드(휘발유+전기),소계,계,89458.0,27275.0,24952.0,39286.0,12619.0,12411.0,9844.0,5278.0,136973.0,13190.0,13274.0,17109.0,14017.0,14227.0,20389.0,25905.0,11921.0,488128.0,2019,12,,친환경
187,하이브리드(경유+전기),소계,계,87.0,137.0,93.0,83.0,9.0,12.0,5.0,0.0,90.0,7.0,9.0,7.0,16.0,12.0,4.0,20.0,11.0,602.0,2019,12,,친환경
204,하이브리드(LPG+전기),소계,계,1909.0,837.0,968.0,791.0,707.0,555.0,537.0,183.0,4013.0,719.0,726.0,792.0,817.0,911.0,1095.0,1105.0,325.0,16990.0,2019,12,,친환경
221,하이브리드(CNG+전기),소계,계,51.0,2.0,13.0,39.0,26.0,0.0,46.0,27.0,79.0,0.0,3.0,0.0,9.0,0.0,31.0,1.0,0.0,327.0,2019,12,,친환경
238,하이브리드(LNG+전기),소계,계,0.0,0.0,0.0,0.0,0.0,0.0,0.0,0.0,0.0,0.0,0.0,0.0,0.0,0.0,0.0,0.0,0.0,0.0,2019,12,,친환경
255,수소,소계,계,599.0,553.0,5.0,224.0,488.0,206.0,1299.0,16.0,596.0,140.0,101.0,282.0,8.0,4.0,9.0,552.0,1.0,5083.0,2019,12,,친환경
272,기타연료,소계,계,5848.0,15065.0,3448.0,11638.0,3114.0,2938.0,4642.0,719.0,22350.0,3184.0,5173.0,7240.0,4227.0,8353.0,8960.0,7496.0,717.0,115112.0,2019,12,,비친환경
289,총계,소계,계,3124157.0,1395183.0,1190154.0,1635323.0,676281.0,673899.0,565639.0,163339.0,5765692.0,782700.0,837602.0,1118117.0,929061.0,1056239.0,1446262.0,1721503.0,596215.0,23677366.0,2019,12,,비친환경
17,휘발유,소계,계,1609709.0,663949.0,562205.0,764837.0,296443.0,326015.0,280929.0,81624.0,2776292.0,333513.0,364725.0,481775.0,376381.0,397034.0,616832.0,808648.0,249045.0,10989956.0,2020,01,,비친환경
34,경유,소계,계,1122681.0,563216.0,471012.0,678799.0,273494.0,259449.0,228705.0,63214.0,2404009.0,370048.0,382296.0,523973.0,438902.0,530037.0,669065.0,738877.0,253643.0,9971420.0,2020,01,,비친환경
51,엘피지,소계,계,271250.0,119385.0,114472.0,135613.0,86958.0,69189.0,38112.0,12221.0,411812.0,60544.0,69429.0,86422.0,93762.0,105486.0,127846.0,137952.0,65536.0,2005989.0,2020,01,,비친환경
68,등유,소계,계,0.0,0.0,0.0,0.0,0.0,0.0,0.0,0.0,0.0,0.0,0.0,0.0,0.0,0.0,0.0,1.0,0.0,1.0,2020,01,,비친환경
85,전기,소계,계,15353.0,3223.0,11274.0,2660.0,2479.0,2618.0,1441.0,911.0,11809.0,2448.0,2427.0,2848.0,1872.0,3326.0,4071.0,3634.0,18307.0,90701.0,2020,01,,친환경
102,알코올,소계,계,0.0,1.0,0.0,0.0,0.0,0.0,0.0,0.0,0.0,0.0,0.0,0.0,0.0,0.0,0.0,0.0,0.0,1.0,2020,01,,비친환경
119,태양열,소계,계,0.0,0.0,0.0,0.0,0.0,0.0,0.0,0.0,0.0,0.0,0.0,0.0,0.0,0.0,0.0,0.0,0.0,0.0,2020,01,,비친환경
136,CNG,소계,계,9429.0,2959.0,2617.0,2764.0,1408.0,1672.0,821.0,160.0,9153.0,764.0,732.0,595.0,1054.0,1049.0,1153.0,1696.0,10.0,38036.0,2020,01,,비친환경
153,LNG,소계,계,0.0,0.0,0.0,3.0,0.0,0.0,0.0,0.0,0.0,0.0,0.0,1.0,0.0,0.0,1.0,0.0,0.0,5.0,2020,01,,비친환경
170,하이브리드(휘발유+전기),소계,계,90618.0,27707.0,25354.0,39937.0,12779.0,12600.0,10010.0,5412.0,138782.0,13421.0,13531.0,17366.0,14173.0,14520.0,20663.0,26295.0,12336.0,495504.0,2020,01,,친환경
187,하이브리드(경유+전기),소계,계,100.0,154.0,108.0,103.0,9.0,12.0,5.0,1.0,106.0,8.0,9.0,7.0,17.0,14.0,4.0,22.0,13.0,692.0,2020,01,,친환경
204,하이브리드(LPG+전기),소계,계,1907.0,833.0,964.0,791.0,705.0,556.0,537.0,182.0,3989.0,716.0,729.0,791.0,817.0,911.0,1088.0,1105.0,325.0,16946.0,2020,01,,친환경
221,하이브리드(CNG+전기),소계,계,51.0,2.0,13.0,39.0,26.0,0.0,46.0,27.0,79.0,0.0,3.0,0.0,9.0,0.0,31.0,1.0,0.0,327.0,2020,01,,친환경
238,하이브리드(LNG+전기),소계,계,0.0,0.0,0.0,0.0,0.0,0.0,0.0,0.0,0.0,0.0,0.0,0.0,0.0,0.0,0.0,0.0,0.0,0.0,2020,01,,친환경
255,수소,소계,계,603.0,552.0,5.0,242.0,488.0,206.0,1338.0,18.0,596.0,141.0,103.0,283.0,9.0,3.0,8.0,571.0,1.0,5167.0,2020,01,,친환경
272,기타연료,소계,계,5865.0,15077.0,3465.0,11652.0,3144.0,2948.0,4651.0,729.0,22436.0,3205.0,5207.0,7288.0,4235.0,8399.0,8999.0,7525.0,716.0,115541.0,2020,01,,비친환경
289,총계,소계,계,3127566.0,1397058.0,1191489.0,1637440.0,677933.0,675265.0,566595.0,164499.0,5779063.0,784808.0,839191.0,1121349.0,931231.0,1060779.0,1449761.0,1726327.0,599932.0,23730286.0,2020,01,,비친환경
17,휘발유,소계,계,1609120.0,664806.0,562290.0,765341.0,296653.0,326012.0,280888.0,82156.0,2782466.0,334004.0,365807.0,482608.0,376497.0,397667.0,617240.0,810545.0,250327.0,11004427.0,2020,02,,비친환경
34,경유,소계,계,1119056.0,563455.0,471196.0,676256.0,273630.0,259658.0,228751.0,63514.0,2396705.0,370424.0,382567.0,524682.0,439673.0,530068.0,670060.0,739943.0,253926.0,9963564.0,2020,02,,비친환경
51,엘피지,소계,계,270098.0,119342.0,114163.0,135119.0,86974.0,69267.0,38019.0,12265.0,411839.0,60535.0,69398.0,86493.0,93688.0,105338.0,127684.0,138002.0,65562.0,2003786.0,2020,02,,비친환경
68,등유,소계,계,0.0,0.0,0.0,0.0,0.0,0.0,0.0,0.0,0.0,0.0,0.0,0.0,0.0,0.0,0.0,1.0,0.0,1.0,2020,02,,비친환경
85,전기,소계,계,16438.0,3270.0,11275.0,2791.0,2489.0,2625.0,1464.0,933.0,12510.0,2459.0,2457.0,2928.0,1920.0,3346.0,4161.0,3822.0,18684.0,93572.0,2020,02,,친환경
102,알코올,소계,계,0.0,1.0,0.0,0.0,0.0,0.0,0.0,0.0,0.0,0.0,0.0,0.0,0.0,0.0,0.0,0.0,0.0,1.0,2020,02,,비친환경
119,태양열,소계,계,0.0,0.0,0.0,0.0,0.0,0.0,0.0,0.0,0.0,0.0,0.0,0.0,0.0,0.0,0.0,0.0,0.0,0.0,2020,02,,비친환경
136,CNG,소계,계,9449.0,2956.0,2618.0,2766.0,1400.0,1673.0,821.0,160.0,9160.0,752.0,736.0,594.0,1048.0,1049.0,1144.0,1696.0,10.0,38032.0,2020,02,,비친환경
153,LNG,소계,계,0.0,0.0,0.0,3.0,0.0,0.0,0.0,0.0,0.0,0.0,0.0,1.0,0.0,0.0,1.0,0.0,0.0,5.0,2020,02,,비친환경
170,하이브리드(휘발유+전기),소계,계,91267.0,28043.0,25559.0,40373.0,12892.0,12708.0,10075.0,5480.0,140138.0,13519.0,13653.0,17483.0,14267.0,14822.0,20826.0,26571.0,12549.0,500225.0,2020,02,,친환경
187,하이브리드(경유+전기),소계,계,108.0,165.0,119.0,115.0,10.0,11.0,6.0,1.0,122.0,9.0,9.0,7.0,19.0,14.0,6.0,32.0,15.0,768.0,2020,02,,친환경
204,하이브리드(LPG+전기),소계,계,1904.0,827.0,965.0,783.0,699.0,559.0,535.0,181.0,3969.0,718.0,727.0,781.0,828.0,907.0,1083.0,1106.0,328.0,16900.0,2020,02,,친환경
221,하이브리드(CNG+전기),소계,계,51.0,2.0,13.0,39.0,26.0,0.0,46.0,27.0,79.0,0.0,3.0,0.0,9.0,0.0,31.0,1.0,0.0,327.0,2020,02,,친환경
238,하이브리드(LNG+전기),소계,계,0.0,0.0,0.0,0.0,0.0,0.0,0.0,0.0,0.0,0.0,0.0,0.0,0.0,0.0,0.0,0.0,0.0,0.0,2020,02,,친환경
255,수소,소계,계,599.0,671.0,7.0,289.0,485.0,207.0,1401.0,19.0,641.0,144.0,103.0,302.0,10.0,3.0,9.0,667.0,1.0,5558.0,2020,02,,친환경
272,기타연료,소계,계,5894.0,15100.0,3492.0,11714.0,3184.0,2965.0,4673.0,750.0,22584.0,3242.0,5246.0,7341.0,4252.0,8447.0,9053.0,7558.0,730.0,116225.0,2020,02,,비친환경
289,총계,소계,계,3123984.0,1398638.0,1191697.0,1635589.0,678442.0,675685.0,566679.0,165486.0,5780213.0,785806.0,840706.0,1123220.0,932211.0,1061661.0,1451298.0,1729944.0,602132.0,23743391.0,2020,02,,비친환경
17,휘발유,소계,계,1611341.0,666768.0,563388.0,769553.0,297536.0,327015.0,281439.0,82610.0,2797873.0,335475.0,368600.0,484269.0,377770.0,399246.0,617986.0,813659.0,253396.0,11047924.0,2020,03,,비친환경
34,경유,소계,계,1117351.0,560934.0,471687.0,674900.0,274023.0,260200.0,229019.0,63762.0,2398389.0,369319.0,383342.0,524358.0,438661.0,528910.0,668236.0,737292.0,255359.0,9955742.0,2020,03,,비친환경
51,엘피지,소계,계,268770.0,119424.0,114004.0,134911.0,87228.0,69247.0,37928.0,12296.0,412550.0,60608.0,69538.0,86630.0,93978.0,105488.0,127647.0,138211.0,65764.0,2004222.0,2020,03,,비친환경
68,등유,소계,계,0.0,0.0,0.0,0.0,0.0,0.0,0.0,0.0,0.0,0.0,0.0,0.0,0.0,0.0,0.0,1.0,0.0,1.0,2020,03,,비친환경
85,전기,소계,계,17172.0,3624.0,11641.0,3270.0,2660.0,2865.0,1650.0,1017.0,14100.0,2640.0,2617.0,3281.0,2270.0,3893.0,4441.0,4295.0,18793.0,100229.0,2020,03,,친환경
102,알코올,소계,계,0.0,1.0,0.0,0.0,0.0,0.0,0.0,0.0,0.0,0.0,0.0,0.0,0.0,0.0,0.0,0.0,0.0,1.0,2020,03,,비친환경
119,태양열,소계,계,0.0,0.0,0.0,0.0,0.0,0.0,0.0,0.0,0.0,0.0,0.0,0.0,0.0,0.0,0.0,0.0,0.0,0.0,2020,03,,비친환경
136,CNG,소계,계,9438.0,2960.0,2614.0,2759.0,1397.0,1668.0,822.0,163.0,9258.0,750.0,732.0,594.0,1045.0,1043.0,1137.0,1701.0,8.0,38089.0,2020,03,,비친환경
153,LNG,소계,계,0.0,0.0,0.0,3.0,0.0,0.0,0.0,0.0,0.0,0.0,0.0,1.0,0.0,0.0,1.0,0.0,0.0,5.0,2020,03,,비친환경
170,하이브리드(휘발유+전기),소계,계,92623.0,28613.0,25965.0,41362.0,13104.0,12929.0,10277.0,5607.0,142640.0,13762.0,13961.0,17782.0,14500.0,15160.0,21071.0,27472.0,12947.0,509775.0,2020,03,,친환경
187,하이브리드(경유+전기),소계,계,126.0,124.0,90.0,153.0,10.0,13.0,8.0,2.0,147.0,10.0,104.0,10.0,18.0,15.0,9.0,43.0,20.0,902.0,2020,03,,친환경
204,하이브리드(LPG+전기),소계,계,1906.0,827.0,959.0,782.0,696.0,556.0,528.0,179.0,3979.0,716.0,722.0,774.0,831.0,908.0,1081.0,1092.0,328.0,16864.0,2020,03,,친환경
221,하이브리드(CNG+전기),소계,계,51.0,2.0,13.0,39.0,26.0,0.0,46.0,27.0,79.0,0.0,3.0,0.0,9.0,0.0,31.0,1.0,0.0,327.0,2020,03,,친환경
238,하이브리드(LNG+전기),소계,계,0.0,0.0,0.0,0.0,0.0,0.0,0.0,0.0,0.0,0.0,0.0,0.0,0.0,0.0,0.0,0.0,0.0,0.0,2020,03,,친환경
255,수소,소계,계,623.0,710.0,9.0,317.0,484.0,230.0,1438.0,19.0,859.0,263.0,108.0,315.0,16.0,15.0,9.0,709.0,1.0,6125.0,2020,03,,친환경
272,기타연료,소계,계,5932.0,15122.0,3523.0,11810.0,3199.0,2993.0,4702.0,767.0,22722.0,3284.0,5252.0,7395.0,4302.0,8478.0,9070.0,7599.0,727.0,116877.0,2020,03,,비친환경
289,총계,소계,계,3125333.0,1399109.0,1193893.0,1639859.0,680363.0,677716.0,567857.0,166449.0,5802596.0,786827.0,844979.0,1125409.0,933400.0,1063156.0,1450719.0,1732075.0,607343.0,23797083.0,2020,03,,비친환경
17,휘발유,소계,계,1614843.0,669511.0,565380.0,779858.0,298794.0,328500.0,282607.0,82974.0,2815002.0,336852.0,370456.0,486967.0,379784.0,400482.0,619536.0,817003.0,249610.0,11098159.0,2020,04,,비친환경
34,경유,소계,계,1115743.0,560673.0,471874.0,678149.0,273815.0,259074.0,228049.0,63783.0,2404021.0,369527.0,382374.0,521510.0,435780.0,528633.0,668065.0,737514.0,250780.0,9949364.0,2020,04,,비친환경
51,엘피지,소계,계,267668.0,119520.0,113893.0,137040.0,87527.0,69440.0,37880.0,12246.0,413416.0,60553.0,69713.0,86834.0,94294.0,105551.0,127667.0,138352.0,63207.0,2004801.0,2020,04,,비친환경
68,등유,소계,계,0.0,0.0,0.0,0.0,0.0,0.0,0.0,0.0,0.0,0.0,0.0,0.0,0.0,0.0,0.0,1.0,0.0,1.0,2020,04,,비친환경
85,전기,소계,계,17622.0,3883.0,11878.0,3345.0,2710.0,2962.0,1738.0,1024.0,14546.0,2753.0,2939.0,3560.0,2467.0,4067.0,4682.0,4432.0,19092.0,103700.0,2020,04,,친환경
102,알코올,소계,계,0.0,1.0,0.0,0.0,0.0,0.0,0.0,0.0,0.0,0.0,0.0,0.0,0.0,0.0,0.0,0.0,0.0,1.0,2020,04,,비친환경
119,태양열,소계,계,0.0,0.0,0.0,0.0,0.0,0.0,0.0,0.0,0.0,0.0,0.0,0.0,0.0,0.0,0.0,0.0,0.0,0.0,2020,04,,비친환경
136,CNG,소계,계,9417.0,2950.0,2590.0,2753.0,1397.0,1666.0,824.0,164.0,9275.0,745.0,731.0,587.0,1042.0,1042.0,1134.0,1705.0,8.0,38030.0,2020,04,,비친환경
153,LNG,소계,계,0.0,0.0,0.0,3.0,0.0,0.0,0.0,0.0,0.0,0.0,0.0,1.0,0.0,0.0,1.0,0.0,0.0,5.0,2020,04,,비친환경
170,하이브리드(휘발유+전기),소계,계,94069.0,29222.0,26535.0,42921.0,13432.0,13336.0,10570.0,5753.0,146198.0,14065.0,14273.0,18223.0,14886.0,15542.0,21540.0,28188.0,12781.0,521534.0,2020,04,,친환경
187,하이브리드(경유+전기),소계,계,196.0,186.0,124.0,370.0,17.0,19.0,10.0,3.0,213.0,19.0,113.0,20.0,40.0,26.0,14.0,59.0,27.0,1456.0,2020,04,,친환경
204,하이브리드(LPG+전기),소계,계,1881.0,821.0,957.0,785.0,692.0,552.0,521.0,177.0,3976.0,710.0,727.0,776.0,839.0,907.0,1079.0,1090.0,332.0,16822.0,2020,04,,친환경
221,하이브리드(CNG+전기),소계,계,51.0,2.0,13.0,39.0,26.0,0.0,46.0,27.0,79.0,0.0,3.0,0.0,9.0,0.0,31.0,1.0,0.0,327.0,2020,04,,친환경
238,하이브리드(LNG+전기),소계,계,0.0,0.0,0.0,0.0,0.0,0.0,0.0,0.0,0.0,0.0,0.0,0.0,0.0,0.0,0.0,0.0,0.0,0.0,2020,04,,친환경
255,수소,소계,계,1049.0,742.0,9.0,334.0,479.0,249.0,1477.0,20.0,1028.0,331.0,110.0,337.0,95.0,19.0,11.0,743.0,0.0,7033.0,2020,04,,친환경
272,기타연료,소계,계,5984.0,15158.0,3571.0,11868.0,3238.0,3039.0,4721.0,786.0,22936.0,3328.0,5321.0,7484.0,4337.0,8519.0,9149.0,7689.0,732.0,117860.0,2020,04,,비친환경
289,총계,소계,계,3128523.0,1402669.0,1196824.0,1657465.0,682127.0,678837.0,568443.0,166957.0,5830690.0,788883.0,846760.0,1126299.0,933573.0,1064788.0,1452909.0,1736777.0,596569.0,23859093.0,2020,04,,비친환경
17,휘발유,소계,계,1619511.0,672457.0,568233.0,783305.0,300184.0,330324.0,283679.0,83335.0,2831566.0,338753.0,372725.0,489573.0,381706.0,402955.0,621575.0,820593.0,253083.0,11153557.0,2020,05,,비친환경
34,경유,소계,계,1114455.0,560548.0,468325.0,676627.0,272881.0,257623.0,227364.0,63497.0,2407106.0,370171.0,382144.0,521381.0,435453.0,529390.0,668411.0,737631.0,251428.0,9944435.0,2020,05,,비친환경
51,엘피지,소계,계,266755.0,119393.0,113859.0,136456.0,87820.0,69483.0,37864.0,12233.0,413463.0,60538.0,69783.0,86929.0,94372.0,105523.0,127499.0,138313.0,63258.0,2003541.0,2020,05,,비친환경
68,등유,소계,계,0.0,0.0,0.0,0.0,0.0,0.0,0.0,0.0,0.0,0.0,0.0,0.0,0.0,0.0,0.0,1.0,0.0,1.0,2020,05,,비친환경
85,전기,소계,계,18098.0,3936.0,12160.0,3402.0,2745.0,3001.0,1774.0,1030.0,14876.0,2839.0,3077.0,3701.0,2561.0,4125.0,4818.0,4568.0,19388.0,106099.0,2020,05,,친환경
102,알코올,소계,계,0.0,1.0,0.0,0.0,0.0,0.0,0.0,0.0,0.0,0.0,0.0,0.0,0.0,0.0,0.0,0.0,0.0,1.0,2020,05,,비친환경
119,태양열,소계,계,0.0,0.0,0.0,0.0,0.0,0.0,0.0,0.0,0.0,0.0,0.0,0.0,0.0,0.0,0.0,0.0,0.0,0.0,2020,05,,비친환경
136,CNG,소계,계,9398.0,2947.0,2581.0,2744.0,1391.0,1660.0,825.0,161.0,9250.0,742.0,734.0,590.0,1040.0,1042.0,1136.0,1698.0,7.0,37946.0,2020,05,,비친환경
153,LNG,소계,계,0.0,0.0,0.0,3.0,0.0,0.0,0.0,0.0,0.0,0.0,0.0,1.0,0.0,0.0,1.0,0.0,0.0,5.0,2020,05,,비친환경
170,하이브리드(휘발유+전기),소계,계,95844.0,30122.0,27301.0,44565.0,13746.0,13823.0,10873.0,5939.0,149851.0,14383.0,14652.0,18679.0,15237.0,15997.0,21993.0,28936.0,13261.0,535202.0,2020,05,,친환경
187,하이브리드(경유+전기),소계,계,274.0,262.0,161.0,591.0,31.0,32.0,18.0,7.0,277.0,24.0,129.0,39.0,59.0,34.0,21.0,80.0,33.0,2072.0,2020,05,,친환경
204,하이브리드(LPG+전기),소계,계,1873.0,819.0,957.0,798.0,690.0,552.0,519.0,173.0,3960.0,703.0,719.0,775.0,843.0,902.0,1072.0,1090.0,334.0,16779.0,2020,05,,친환경
221,하이브리드(CNG+전기),소계,계,51.0,2.0,13.0,39.0,26.0,0.0,46.0,27.0,79.0,0.0,3.0,0.0,9.0,0.0,31.0,1.0,0.0,327.0,2020,05,,친환경
238,하이브리드(LNG+전기),소계,계,0.0,0.0,0.0,0.0,0.0,0.0,0.0,0.0,0.0,0.0,0.0,0.0,0.0,0.0,0.0,0.0,0.0,0.0,2020,05,,친환경
255,수소,소계,계,1078.0,752.0,9.0,340.0,478.0,285.0,1516.0,39.0,1064.0,382.0,115.0,333.0,136.0,21.0,11.0,755.0,0.0,7314.0,2020,05,,친환경
272,기타연료,소계,계,6016.0,15166.0,3619.0,11915.0,3247.0,3084.0,4731.0,791.0,23161.0,3373.0,5391.0,7556.0,4374.0,8588.0,9228.0,7830.0,729.0,118799.0,2020,05,,비친환경
289,총계,소계,계,3133353.0,1406405.0,1197218.0,1660785.0,683239.0,679867.0,569209.0,167232.0,5854653.0,791908.0,849472.0,1129557.0,935790.0,1068577.0,1455796.0,1741496.0,601521.0,23926078.0,2020,05,,비친환경
17,휘발유,소계,계,1625652.0,676048.0,571733.0,787711.0,301730.0,332051.0,285011.0,83686.0,2851236.0,340986.0,375620.0,492744.0,383543.0,405940.0,623903.0,826019.0,256581.0,11220194.0,2020,06,,비친환경
34,경유,소계,계,1113853.0,560737.0,467171.0,675597.0,272826.0,256601.0,227451.0,63367.0,2411874.0,371434.0,382794.0,522256.0,436014.0,531106.0,669553.0,738012.0,252027.0,9952673.0,2020,06,,비친환경
51,엘피지,소계,계,265931.0,119284.0,113846.0,135664.0,88000.0,69523.0,37790.0,12180.0,413578.0,60491.0,69912.0,87225.0,94590.0,105594.0,127671.0,138509.0,63200.0,2002988.0,2020,06,,비친환경
68,등유,소계,계,0.0,0.0,0.0,0.0,0.0,0.0,0.0,0.0,0.0,0.0,0.0,0.0,0.0,0.0,0.0,1.0,0.0,1.0,2020,06,,비친환경
85,전기,소계,계,19411.0,4100.0,12356.0,3741.0,2844.0,3126.0,2110.0,1044.0,15946.0,2952.0,3199.0,3920.0,2745.0,4323.0,4980.0,4805.0,19705.0,111307.0,2020,06,,친환경
102,알코올,소계,계,0.0,1.0,0.0,0.0,0.0,0.0,0.0,0.0,0.0,0.0,0.0,0.0,0.0,0.0,0.0,0.0,0.0,1.0,2020,06,,비친환경
119,태양열,소계,계,0.0,0.0,0.0,0.0,0.0,0.0,0.0,0.0,0.0,0.0,0.0,0.0,0.0,0.0,0.0,0.0,0.0,0.0,2020,06,,비친환경
136,CNG,소계,계,9377.0,2939.0,2579.0,2734.0,1371.0,1655.0,827.0,159.0,9196.0,734.0,736.0,589.0,1039.0,1046.0,1131.0,1679.0,8.0,37799.0,2020,06,,비친환경
153,LNG,소계,계,0.0,1.0,0.0,3.0,0.0,0.0,0.0,0.0,0.0,0.0,0.0,1.0,0.0,0.0,1.0,0.0,0.0,6.0,2020,06,,비친환경
170,하이브리드(휘발유+전기),소계,계,98057.0,31062.0,28117.0,46127.0,14220.0,14277.0,11246.0,6149.0,154214.0,14738.0,15063.0,19217.0,15598.0,16583.0,22515.0,29842.0,13746.0,550771.0,2020,06,,친환경
187,하이브리드(경유+전기),소계,계,362.0,326.0,214.0,768.0,36.0,40.0,27.0,10.0,378.0,35.0,137.0,47.0,64.0,44.0,36.0,101.0,39.0,2664.0,2020,06,,친환경
204,하이브리드(LPG+전기),소계,계,1870.0,818.0,956.0,794.0,689.0,541.0,516.0,173.0,3948.0,706.0,719.0,774.0,848.0,898.0,1072.0,1090.0,332.0,16744.0,2020,06,,친환경
221,하이브리드(CNG+전기),소계,계,51.0,2.0,13.0,39.0,26.0,0.0,46.0,27.0,79.0,0.0,3.0,0.0,9.0,0.0,31.0,1.0,0.0,327.0,2020,06,,친환경
238,하이브리드(LNG+전기),소계,계,0.0,0.0,0.0,0.0,0.0,0.0,0.0,0.0,0.0,0.0,0.0,0.0,0.0,0.0,0.0,0.0,0.0,0.0,2020,06,,친환경
255,수소,소계,계,1095.0,759.0,12.0,355.0,563.0,333.0,1530.0,37.0,1103.0,469.0,122.0,340.0,162.0,21.0,12.0,768.0,1.0,7682.0,2020,06,,친환경
272,기타연료,소계,계,6051.0,15249.0,3665.0,11964.0,3250.0,3119.0,4753.0,791.0,23513.0,3409.0,5465.0,7660.0,4421.0,8657.0,9356.0,7863.0,740.0,119926.0,2020,06,,비친환경
289,총계,소계,계,3141710.0,1411326.0,1200662.0,1665497.0,685555.0,681266.0,571307.0,167623.0,5885065.0,795954.0,853770.0,1134773.0,939033.0,1074212.0,1460261.0,1748690.0,606379.0,24023083.0,2020,06,,비친환경
17,휘발유,소계,계,1629961.0,678548.0,573925.0,791236.0,302426.0,332862.0,285910.0,84130.0,2863055.0,342764.0,377456.0,494988.0,384690.0,408940.0,625367.0,829294.0,260527.0,11266079.0,2020,07,,비친환경
34,경유,소계,계,1113145.0,560852.0,468566.0,675482.0,273389.0,257155.0,228357.0,63610.0,2414413.0,372639.0,382677.0,523229.0,436401.0,532361.0,670594.0,738581.0,252825.0,9964276.0,2020,07,,비친환경
51,엘피지,소계,계,264958.0,119509.0,113749.0,135003.0,88039.0,69453.0,37711.0,12206.0,413056.0,60438.0,69997.0,87232.0,94601.0,105648.0,127597.0,137792.0,63427.0,2000416.0,2020,07,,비친환경
68,등유,소계,계,0.0,0.0,0.0,0.0,0.0,0.0,0.0,0.0,0.0,0.0,0.0,0.0,0.0,0.0,0.0,1.0,0.0,1.0,2020,07,,비친환경
85,전기,소계,계,20003.0,4216.0,12454.0,3940.0,2962.0,3204.0,2119.0,1057.0,16508.0,3025.0,3268.0,4087.0,2848.0,4444.0,5192.0,4886.0,20105.0,114318.0,2020,07,,친환경
102,알코올,소계,계,0.0,1.0,0.0,0.0,0.0,0.0,0.0,0.0,0.0,0.0,0.0,0.0,0.0,0.0,0.0,0.0,0.0,1.0,2020,07,,비친환경
119,태양열,소계,계,0.0,0.0,0.0,0.0,0.0,0.0,0.0,0.0,0.0,0.0,0.0,0.0,0.0,0.0,0.0,0.0,0.0,0.0,2020,07,,비친환경
136,CNG,소계,계,9374.0,2933.0,2560.0,2729.0,1361.0,1653.0,824.0,159.0,9116.0,726.0,736.0,593.0,1033.0,1038.0,1131.0,1667.0,9.0,37642.0,2020,07,,비친환경
153,LNG,소계,계,0.0,1.0,0.0,3.0,0.0,0.0,0.0,0.0,0.0,0.0,0.0,1.0,0.0,0.0,1.0,0.0,0.0,6.0,2020,07,,비친환경
170,하이브리드(휘발유+전기),소계,계,100141.0,31886.0,28855.0,47560.0,14554.0,14687.0,11542.0,6316.0,158199.0,15081.0,15479.0,19742.0,15935.0,17057.0,22983.0,30716.0,14302.0,565035.0,2020,07,,친환경
187,하이브리드(경유+전기),소계,계,438.0,381.0,266.0,992.0,46.0,47.0,33.0,15.0,466.0,43.0,145.0,55.0,72.0,57.0,43.0,113.0,55.0,3267.0,2020,07,,친환경
204,하이브리드(LPG+전기),소계,계,1880.0,813.0,947.0,783.0,685.0,539.0,512.0,168.0,3924.0,707.0,716.0,767.0,849.0,899.0,1064.0,1086.0,338.0,16677.0,2020,07,,친환경
221,하이브리드(CNG+전기),소계,계,51.0,2.0,13.0,39.0,26.0,0.0,46.0,27.0,79.0,0.0,3.0,0.0,9.0,0.0,31.0,1.0,0.0,327.0,2020,07,,친환경
238,하이브리드(LNG+전기),소계,계,0.0,0.0,0.0,0.0,0.0,0.0,0.0,0.0,0.0,0.0,0.0,0.0,0.0,0.0,0.0,0.0,0.0,0.0,2020,07,,친환경
255,수소,소계,계,1112.0,778.0,35.0,375.0,607.0,380.0,1576.0,37.0,1134.0,608.0,226.0,386.0,216.0,24.0,13.0,790.0,1.0,8298.0,2020,07,,친환경
272,기타연료,소계,계,6086.0,15279.0,3699.0,12133.0,3296.0,3158.0,4785.0,810.0,23796.0,3461.0,5534.0,7817.0,4475.0,8734.0,9479.0,7955.0,736.0,121233.0,2020,07,,비친환경
289,총계,소계,계,3147149.0,1415199.0,1205069.0,1670275.0,687391.0,683138.0,573415.0,168535.0,5903746.0,799492.0,856237.0,1138897.0,941129.0,1079202.0,1463495.0,1752882.0,612325.0,24097576.0,2020,07,,비친환경
17,휘발유,소계,계,1629747.0,679341.0,576705.0,790923.0,302026.0,332485.0,286125.0,84663.0,2869696.0,343588.0,378380.0,495316.0,384794.0,410193.0,625830.0,829953.0,262618.0,11282383.0,2020,08,,비친환경
34,경유,소계,계,1113047.0,561252.0,472508.0,672086.0,273256.0,257089.0,227689.0,63811.0,2418592.0,372953.0,382529.0,523849.0,436681.0,532966.0,670410.0,738784.0,253268.0,9970770.0,2020,08,,비친환경
51,엘피지,소계,계,263747.0,119138.0,113285.0,134156.0,87806.0,69142.0,37615.0,12211.0,412197.0,60342.0,69982.0,87170.0,94512.0,105575.0,127351.0,137531.0,63357.0,1995117.0,2020,08,,비친환경
68,등유,소계,계,0.0,0.0,0.0,0.0,0.0,0.0,0.0,0.0,0.0,0.0,0.0,0.0,0.0,0.0,0.0,1.0,0.0,1.0,2020,08,,비친환경
85,전기,소계,계,20997.0,4320.0,12468.0,4204.0,3046.0,3338.0,2142.0,1076.0,17197.0,3091.0,3319.0,4252.0,2906.0,4576.0,5400.0,5003.0,20699.0,118034.0,2020,08,,친환경
102,알코올,소계,계,0.0,1.0,0.0,0.0,0.0,0.0,0.0,0.0,0.0,0.0,0.0,0.0,0.0,0.0,0.0,0.0,0.0,1.0,2020,08,,비친환경
119,태양열,소계,계,0.0,0.0,0.0,0.0,0.0,0.0,0.0,0.0,0.0,0.0,0.0,0.0,0.0,0.0,0.0,0.0,0.0,0.0,2020,08,,비친환경
136,CNG,소계,계,9359.0,2924.0,2554.0,2709.0,1361.0,1647.0,825.0,158.0,9084.0,717.0,734.0,591.0,1021.0,1034.0,1122.0,1658.0,10.0,37508.0,2020,08,,비친환경
153,LNG,소계,계,0.0,1.0,0.0,3.0,0.0,0.0,0.0,0.0,0.0,0.0,0.0,1.0,0.0,0.0,1.0,0.0,0.0,6.0,2020,08,,비친환경
170,하이브리드(휘발유+전기),소계,계,101481.0,32505.0,29330.0,48549.0,14771.0,14944.0,11727.0,6431.0,160897.0,15324.0,15719.0,20102.0,16223.0,17451.0,23299.0,31208.0,14772.0,574733.0,2020,08,,친환경
187,하이브리드(경유+전기),소계,계,491.0,428.0,311.0,1151.0,59.0,54.0,39.0,19.0,537.0,47.0,149.0,69.0,87.0,71.0,53.0,131.0,63.0,3759.0,2020,08,,친환경
204,하이브리드(LPG+전기),소계,계,1854.0,815.0,939.0,768.0,683.0,536.0,512.0,163.0,3919.0,702.0,711.0,765.0,848.0,895.0,1063.0,1079.0,341.0,16593.0,2020,08,,친환경
221,하이브리드(CNG+전기),소계,계,51.0,2.0,13.0,39.0,26.0,0.0,46.0,27.0,79.0,0.0,3.0,0.0,9.0,0.0,31.0,1.0,0.0,327.0,2020,08,,친환경
238,하이브리드(LNG+전기),소계,계,0.0,0.0,0.0,0.0,0.0,0.0,0.0,0.0,0.0,0.0,0.0,0.0,0.0,0.0,0.0,0.0,0.0,0.0,2020,08,,친환경
255,수소,소계,계,1152.0,798.0,54.0,399.0,614.0,397.0,1628.0,37.0,1310.0,699.0,271.0,406.0,254.0,76.0,13.0,802.0,1.0,8911.0,2020,08,,친환경
272,기타연료,소계,계,6145.0,15277.0,3738.0,12171.0,3359.0,3183.0,4797.0,830.0,24140.0,3524.0,5640.0,7888.0,4501.0,8730.0,9573.0,8032.0,739.0,122267.0,2020,08,,비친환경
289,총계,소계,계,3148071.0,1416802.0,1211905.0,1667158.0,687007.0,682815.0,573145.0,169426.0,5917648.0,800987.0,857437.0,1140409.0,941836.0,1081567.0,1464146.0,1754183.0,615868.0,24130410.0,2020,08,,비친환경
17,휘발유,소계,계,1630627.0,680908.0,578619.0,792683.0,302872.0,333048.0,286539.0,84925.0,2881842.0,344484.0,379650.0,496877.0,385599.0,412819.0,626947.0,832060.0,264780.0,11315279.0,2020,09,,비친환경
34,경유,소계,계,1113713.0,561999.0,474675.0,670458.0,274011.0,257519.0,227232.0,63966.0,2425638.0,373562.0,383073.0,524202.0,437154.0,534340.0,670783.0,740070.0,254930.0,9987325.0,2020,09,,비친환경
51,엘피지,소계,계,262437.0,118926.0,113058.0,132802.0,87890.0,69049.0,37550.0,12247.0,411953.0,60263.0,69979.0,87257.0,94511.0,105844.0,127248.0,137355.0,63122.0,1991491.0,2020,09,,비친환경
68,등유,소계,계,0.0,0.0,0.0,0.0,0.0,0.0,0.0,0.0,0.0,0.0,0.0,0.0,0.0,0.0,0.0,1.0,0.0,1.0,2020,09,,비친환경
85,전기,소계,계,22118.0,4420.0,12552.0,4639.0,3151.0,4083.0,2204.0,1100.0,18512.0,3340.0,3467.0,4547.0,2977.0,4759.0,5816.0,5617.0,21107.0,124409.0,2020,09,,친환경
102,알코올,소계,계,0.0,1.0,0.0,0.0,0.0,0.0,0.0,0.0,0.0,0.0,0.0,0.0,0.0,0.0,0.0,0.0,0.0,1.0,2020,09,,비친환경
119,태양열,소계,계,0.0,0.0,0.0,0.0,0.0,0.0,0.0,0.0,0.0,0.0,0.0,0.0,0.0,0.0,0.0,0.0,0.0,0.0,2020,09,,비친환경
136,CNG,소계,계,9346.0,2904.0,2538.0,2696.0,1352.0,1649.0,827.0,155.0,9066.0,699.0,731.0,591.0,1013.0,1026.0,1117.0,1637.0,9.0,37356.0,2020,09,,비친환경
153,LNG,소계,계,0.0,1.0,0.0,3.0,0.0,0.0,0.0,0.0,0.0,0.0,0.0,1.0,0.0,0.0,1.0,0.0,0.0,6.0,2020,09,,비친환경
170,하이브리드(휘발유+전기),소계,계,103771.0,33450.0,30140.0,49685.0,15226.0,15420.0,12105.0,6648.0,165986.0,15755.0,16238.0,20672.0,16680.0,18179.0,23859.0,32090.0,15458.0,591362.0,2020,09,,친환경
187,하이브리드(경유+전기),소계,계,564.0,479.0,359.0,1350.0,70.0,74.0,44.0,21.0,638.0,52.0,157.0,80.0,93.0,81.0,64.0,150.0,66.0,4342.0,2020,09,,친환경
204,하이브리드(LPG+전기),소계,계,1837.0,807.0,937.0,755.0,678.0,532.0,515.0,165.0,3918.0,704.0,706.0,759.0,842.0,897.0,1064.0,1086.0,344.0,16546.0,2020,09,,친환경
221,하이브리드(CNG+전기),소계,계,51.0,2.0,13.0,39.0,26.0,0.0,46.0,27.0,79.0,0.0,3.0,0.0,9.0,0.0,31.0,1.0,0.0,327.0,2020,09,,친환경
238,하이브리드(LNG+전기),소계,계,0.0,0.0,0.0,0.0,0.0,0.0,0.0,0.0,0.0,0.0,0.0,0.0,0.0,0.0,0.0,0.0,0.0,0.0,2020,09,,친환경
255,수소,소계,계,1184.0,832.0,61.0,427.0,638.0,447.0,1680.0,38.0,1394.0,810.0,294.0,426.0,321.0,100.0,14.0,827.0,1.0,9494.0,2020,09,,친환경
272,기타연료,소계,계,6194.0,15330.0,3773.0,12233.0,3417.0,3213.0,4831.0,852.0,24525.0,3562.0,5737.0,7983.0,4563.0,8791.0,9622.0,8082.0,745.0,123453.0,2020,09,,비친환경
289,총계,소계,계,3151842.0,1420059.0,1216725.0,1667770.0,689331.0,685034.0,573573.0,170144.0,5943551.0,803231.0,860035.0,1143395.0,943762.0,1086836.0,1466566.0,1758976.0,620562.0,24201392.0,2020,09,,비친환경
17,휘발유,소계,계,1631060.0,682231.0,579746.0,794684.0,303233.0,333489.0,286984.0,85679.0,2891777.0,345398.0,380831.0,498039.0,386271.0,414364.0,628279.0,834097.0,266556.0,11342718.0,2020,10,,비친환경
34,경유,소계,계,1113106.0,562852.0,472237.0,670465.0,273601.0,256325.0,226730.0,64482.0,2430870.0,374186.0,383343.0,523959.0,437389.0,534620.0,671245.0,740461.0,255921.0,9991792.0,2020,10,,비친환경
51,엘피지,소계,계,261280.0,118592.0,112724.0,132196.0,88070.0,68940.0,37499.0,12348.0,411204.0,60107.0,69954.0,87303.0,94362.0,105763.0,127154.0,137260.0,63188.0,1987944.0,2020,10,,비친환경
68,등유,소계,계,0.0,0.0,0.0,0.0,0.0,0.0,0.0,0.0,0.0,0.0,0.0,0.0,0.0,0.0,0.0,1.0,0.0,1.0,2020,10,,비친환경
85,전기,소계,계,22676.0,4696.0,12550.0,4729.0,3158.0,4197.0,2221.0,1106.0,19332.0,3567.0,3662.0,4878.0,3130.0,4896.0,6314.0,5924.0,21222.0,128258.0,2020,10,,친환경
102,알코올,소계,계,0.0,1.0,0.0,0.0,0.0,0.0,0.0,0.0,0.0,0.0,0.0,0.0,0.0,0.0,0.0,0.0,0.0,1.0,2020,10,,비친환경
119,태양열,소계,계,0.0,0.0,0.0,0.0,0.0,0.0,0.0,0.0,0.0,0.0,0.0,0.0,0.0,0.0,0.0,0.0,0.0,0.0,2020,10,,비친환경
136,CNG,소계,계,9333.0,2896.0,2527.0,2694.0,1341.0,1649.0,828.0,155.0,9123.0,692.0,728.0,591.0,1008.0,1020.0,1119.0,1630.0,8.0,37342.0,2020,10,,비친환경
153,LNG,소계,계,0.0,2.0,0.0,3.0,0.0,0.0,0.0,0.0,0.0,0.0,0.0,1.0,0.0,0.0,1.0,0.0,0.0,7.0,2020,10,,비친환경
170,하이브리드(휘발유+전기),소계,계,106106.0,34362.0,30968.0,51119.0,15613.0,15891.0,12409.0,6894.0,170034.0,16079.0,16627.0,21155.0,17086.0,18742.0,24389.0,33041.0,15984.0,606499.0,2020,10,,친환경
187,하이브리드(경유+전기),소계,계,618.0,560.0,399.0,1474.0,75.0,80.0,52.0,27.0,709.0,57.0,165.0,90.0,123.0,96.0,77.0,175.0,74.0,4851.0,2020,10,,친환경
204,하이브리드(LPG+전기),소계,계,1835.0,808.0,933.0,764.0,679.0,537.0,513.0,163.0,3893.0,698.0,700.0,753.0,839.0,886.0,1066.0,1078.0,343.0,16488.0,2020,10,,친환경
221,하이브리드(CNG+전기),소계,계,51.0,2.0,13.0,39.0,26.0,0.0,46.0,27.0,79.0,0.0,3.0,0.0,8.0,0.0,31.0,1.0,0.0,326.0,2020,10,,친환경
238,하이브리드(LNG+전기),소계,계,0.0,0.0,0.0,0.0,0.0,0.0,0.0,0.0,0.0,0.0,0.0,0.0,0.0,0.0,0.0,0.0,0.0,0.0,2020,10,,친환경
255,수소,소계,계,1431.0,858.0,61.0,448.0,653.0,479.0,1721.0,41.0,1458.0,821.0,307.0,442.0,342.0,108.0,15.0,856.0,0.0,10041.0,2020,10,,친환경
272,기타연료,소계,계,6236.0,15355.0,3831.0,12402.0,3517.0,3239.0,4845.0,869.0,24879.0,3592.0,5840.0,8074.0,4595.0,8835.0,9686.0,8127.0,756.0,124678.0,2020,10,,비친환경
289,총계,소계,계,3153732.0,1423215.0,1215989.0,1671017.0,689966.0,684826.0,573848.0,171791.0,5963358.0,805197.0,862160.0,1145285.0,945153.0,1089330.0,1469376.0,1762651.0,624052.0,24250946.0,2020,10,,비친환경
